CustomerID,Recency,Frequency,Monetary_value,Breadth
12747,3,25,948.6999999999999,22
12748,1,888,7046.159999999979,666
12749,4,37,813.4499999999999,36
12820,4,17,268.0200000000001,16
12822,71,9,146.15,9
12823,297,1,306.0,1
12824,60,6,106.38000000000001,6
12826,3,16,272.66,14
12827,33,2,44.550000000000004,2
12828,8,12,195.4,12
12829,337,2,95.80000000000001,2
12830,92,10,1727.92,7
12832,33,5,67.4,5
12833,146,5,87.0,5
12834,283,9,161.00000000000003,9
12836,60,34,585.53,33
12837,174,2,10.55,2
12838,34,17,62.11,17
12839,3,54,947.6299999999999,34
12840,144,19,459.66,17
12841,5,70,630.95,58
12842,71,8,224.54000000000002,8
12843,160,22,385.55,19
12844,30,7,38.05,7
12845,269,4,221.1,4
12847,23,14,123.20999999999998,14
12849,32,15,266.75,15
12851,97,13,29.570000000000004,12
12852,295,2,32.550000000000004,2
12853,135,12,234.48000000000002,10
12854,79,21,319.01,21
12856,8,64,402.4800000000001,59
12857,211,11,283.85,10
12863,53,1,34.8,1
12864,139,1,17.4,1
12867,27,105,749.2899999999998,81
12868,186,16,177.31000000000003,16
12871,85,5,70.74,5
12872,327,6,73.4,6
12873,283,1,102.0,1
12877,4,33,232.71,32
12878,237,8,174.3,7
12879,92,2,70.80000000000001,2
12883,25,10,186.18,10
12884,89,1,31.8,1
12885,64,20,361.4799999999999,20
12886,68,12,212.39000000000001,12
12890,25,13,53.87,13
12893,31,7,20.4,7
12895,43,6,107.65,6
12901,11,28,3647.06,17
12902,265,4,42.03,4
12904,19,15,64.55000000000001,15
12906,12,16,494.87000000000006,16
12909,88,19,624.2100000000002,19
12910,65,12,481.26,12
12912,9,3,162.36,3
12913,5,12,617.78,12
12915,149,2,35.9,2
12916,139,24,699.38,20
12919,9,6,133.74,6
12920,18,3,23.4,3
12921,10,115,2393.04,85
12922,162,4,57.239999999999995,4
12923,65,9,59.49999999999999,9
12924,89,6,220.83,6
12925,5,11,183.16000000000003,11
12928,36,15,366.8,15
12929,312,3,42.900000000000006,3
12930,79,6,97.51,6
12931,22,19,8490.64,16
12933,25,24,113.87,24
12935,3,26,406.09999999999997,24
12936,18,14,236.79000000000002,14
12937,16,31,393.43,29
12939,65,9,1680.6799999999998,6
12940,55,22,207.07000000000002,22
12942,132,14,80.92,13
12944,36,8,189.39999999999998,8
12945,289,5,129.10000000000002,5
12947,144,17,215.86999999999998,16
12948,45,23,372.78,20
12949,31,42,748.02,40
12950,3,4,471.6,4
12951,9,8,157.29999999999998,8
12952,6,18,291.27,16
12953,10,4,76.3,4
12955,2,32,875.5200000000002,26
12956,307,2,7.9,2
12957,10,50,814.7,49
12962,8,3,40.45,3
12963,9,13,257.62000000000006,12
12965,90,16,102.1,16
12966,10,3,42.5,3
12968,113,2,24.95,2
12970,8,30,72.78,26
12971,16,53,2082.69,36
12974,198,2,47.5,2
12976,212,5,203.68,5
12977,157,1,0.65,1
12980,188,7,2463.5399999999995,5
12981,30,4,84.47999999999999,4
12982,243,6,85.28999999999999,6
12984,19,1,19.8,1
12985,1,12,174.82,12
12987,74,3,45.4,3
12988,293,15,102.41999999999999,15
12989,4,13,976.8000000000001,12
12990,32,1,20.8,1
12991,24,4,77.7,4
12993,24,10,154.14999999999998,10
12994,5,15,212.45,15
12997,23,10,165.37999999999997,10
12999,206,2,21.9,2
13000,260,3,46.08,3
13001,5,67,2109.4799999999996,52
13002,319,2,24.95,2
13004,12,80,1044.6299999999997,72
13005,174,6,92.85000000000001,5
13006,57,3,77.00999999999999,3
13008,324,4,46.92,4
13012,10,19,418.92,18
13013,22,32,624.6,29
13014,11,26,680.6,25
13015,54,32,900.1499999999999,30
13016,74,10,184.10999999999999,10
13018,17,94,1483.6200000000006,86
13021,5,28,585.5,25
13023,65,10,181.48999999999998,10
13026,2,9,391.79999999999995,8
13027,114,5,1344.0,3
13028,23,10,160.20000000000002,10
13029,139,2,315.9,2
13030,12,4,60.93,4
13032,53,8,115.23,8
13033,358,3,55.050000000000004,3
13034,55,5,86.99999999999999,5
13035,74,6,262.70000000000005,6
13037,139,15,237.22,15
13038,291,4,75.6,4
13040,9,9,109.01,9
13043,274,3,196.8,3
13044,292,9,150.84,9
13045,100,4,45.34,4
13046,31,7,99.33000000000001,7
13047,57,36,626.02,35
13048,15,31,479.40000000000003,26
13049,65,3,122.1,3
13050,15,76,1147.5200000000004,69
13052,213,3,72.6,3
13055,79,10,191.64,10
13058,25,3,59.0,2
13060,254,4,62.39999999999999,4
13061,73,3,62.1,3
13062,192,2,32.4,2
13064,13,12,152.28,12
13066,25,11,94.10000000000001,11
13067,83,3,21.44,3
13069,15,72,627.5300000000001,60
13070,193,2,41.6,2
13072,267,1,29.700000000000003,1
13075,130,3,136.79999999999998,3
13077,2,18,75.79,18
13078,4,58,1763.4599999999996,40
13080,180,3,19.68,3
13081,12,183,5180.059999999998,155
13082,158,10,216.8,10
13083,5,5,136.0,3
13085,296,1,12.600000000000001,1
13089,5,329,10490.390000000003,230
13090,9,30,661.3199999999998,28
13091,29,5,105.41999999999999,5
13092,71,5,70.32,5
13093,276,28,1185.84,24
13094,130,2,152.64000000000001,1
13095,71,1,9.36,1
13097,33,82,1281.7600000000002,67
13098,2,106,4994.410000000001,75
13101,235,2,25.5,2
13102,2,68,1424.9599999999998,47
13104,4,4,243.96,3
13106,134,1,76.5,1
13107,86,13,357.08,13
13109,60,10,153.73,10
13110,32,31,297.79,30
13113,1,48,2387.2400000000007,34
13115,12,22,503.76,22
13116,139,5,77.74,5
13117,22,8,121.56,8
13118,20,15,126.64000000000001,14
13120,239,1,30.599999999999998,1
13121,270,10,51.31999999999999,10
13122,241,9,157.83,9
13124,90,50,831.0999999999999,45
13126,5,30,384.4299999999999,29
13127,78,4,68.7,4
13131,24,9,213.5,8
13132,262,2,62.0,2
13133,274,2,39.7,2
13134,86,18,344.54,18
13135,197,1,3096.0,1
13136,57,26,556.96,25
13137,11,129,681.6899999999998,109
13138,23,7,114.02000000000001,6
13139,17,39,1109.83,36
13140,109,7,78.56,7
13141,85,30,480.93000000000006,28
13142,20,7,91.14,7
13144,333,1,23.6,1
13145,92,1,45.0,1
13146,27,6,41.980000000000004,6
13147,100,1,118.80000000000001,1
13148,30,85,943.1800000000001,78
13149,15,14,309.8,14
13151,296,11,184.60000000000002,11
13153,6,3,37.44,3
13155,34,6,127.39999999999999,6
13157,50,10,169.19999999999996,10
13158,95,14,226.27,12
13159,9,31,360.20000000000005,31
13160,23,1,34.8,1
13161,314,1,27.0,1
13162,123,19,397.61,19
13165,47,6,195.6,6
13166,284,6,38.65,6
13167,19,12,122.06000000000002,12
13168,37,19,190.66000000000003,19
13169,253,1,23.4,1
13170,27,8,32.6,8
13171,50,8,46.940000000000005,8
13173,5,3,14.600000000000001,3
13174,17,25,244.97000000000003,24
13176,47,12,86.25000000000001,12
13177,65,4,67.35,4
13178,27,52,1231.3599999999997,40
13182,46,2,20.04,2
13183,8,23,823.3000000000002,19
13184,15,29,263.4199999999999,28
13186,40,21,383.69999999999993,21
13187,338,9,69.6,9
13189,19,6,64.2,6
13192,96,18,233.56000000000003,17
13193,62,7,40.45,7
13194,136,1,9.0,1
13196,12,21,336.48,20
13198,11,39,604.78,39
13199,4,23,2043.4399999999996,17
13200,20,7,133.14999999999998,7
13203,10,11,158.55999999999997,11
13208,59,27,221.76999999999998,24
13209,31,64,1076.39,59
13210,94,6,95.84,6
13211,96,8,164.14999999999998,8
13212,20,28,145.27,27
13213,57,18,294.80000000000007,18
13216,268,1,92.5,1
13220,220,4,19.689999999999998,4
13221,241,13,133.72,13
13223,201,2,115.80000000000001,2
13224,61,24,578.0700000000002,24
13225,4,7,1288.98,7
13226,274,1,8.4,1
13228,82,1,179.0,1
13229,226,2,36.75,2
13230,5,122,597.53,107
13232,13,26,225.14000000000001,25
13233,75,13,131.76000000000002,13
13235,213,11,185.15,11
13236,25,10,233.62000000000003,9
13238,24,8,165.10000000000002,7
13239,262,6,109.83000000000001,6
13240,97,12,89.69,12
13242,113,1,20.8,1
13243,204,11,142.89,11
13244,93,4,17.9,4
13245,51,2,61.3,2
13246,19,38,905.29,32
13247,52,4,69.0,4
13248,125,4,72.44,4
13249,94,5,310.86,5
13253,157,8,223.44,8
13255,10,1,49.800000000000004,1
13258,24,9,119.78999999999999,9
13259,62,21,95.30999999999999,21
13260,62,1,26.0,1
13261,286,4,441.6,4
13262,264,1,6.959999999999999,1
13263,2,319,1467.1100000000004,195
13265,54,14,263.15999999999997,13
13266,12,44,944.27,33
13267,3,43,930.5899999999999,36
13268,18,101,802.3,87
13269,2,70,1112.7200000000003,61
13271,38,22,64.17,22
13272,90,4,60.45,4
13273,114,2,14.05,2
13276,64,10,160.6,10
13277,117,1,25.0,1
13278,41,9,82.53999999999999,9
13280,123,13,130.21,13
13282,19,9,309.20000000000005,9
13283,186,1,17.0,1
13285,24,48,697.81,47
13291,156,4,36.0,4
13292,39,5,86.9,5
13294,190,9,151.7,9
13296,138,1,15.0,1
13297,8,13,525.18,13
13300,170,1,19.8,1
13301,104,16,138.05,16
13302,156,1,63.75,1
13304,352,4,57.21,4
13305,5,12,264.49,10
13308,23,9,143.56,9
13309,8,23,365.0,21
13310,29,14,243.12000000000003,14
13311,5,10,127.67999999999999,10
13313,23,13,242.56000000000003,12
13314,2,11,133.70999999999998,11
13316,38,18,1141.8600000000001,18
13317,67,20,362.76,18
13318,38,1,42.96,1
13319,6,84,1906.0000000000005,68
13320,79,16,259.0,15
13321,87,3,130.84,3
13322,18,8,89.49000000000001,8
13323,4,4,270.5,4
13324,37,14,1218.6599999999999,13
13325,82,3,268.0,3
13327,39,14,343.40000000000003,14
13328,317,4,356.99999999999994,4
13329,32,2,110.28,2
13330,93,10,251.0,9
13332,15,5,80.2,5
13334,83,57,687.3200000000003,54
13336,78,7,105.68,7
13338,158,6,166.39999999999998,6
13339,201,11,192.0,11
13340,46,26,2007.9599999999996,25
13341,261,10,248.75,10
13343,178,5,94.3,5
13344,68,13,379.3,13
13345,288,6,102.25,6
13347,71,4,168.6,4
13348,65,1,10.2,1
13349,11,4,41.68,4
13350,17,5,124.4,5
13351,67,4,67.44,4
13352,61,7,111.06,7
13354,72,8,108.54000000000002,8
13355,123,7,125.0,7
13356,81,9,226.71,9
13357,258,20,115.99000000000001,20
13358,269,6,64.74000000000001,6
13359,64,2,42.60000000000001,2
13362,10,33,690.9,32
13363,18,9,145.31,9
13364,72,1,17.4,1
13365,34,28,544.64,26
13368,257,8,211.35000000000002,8
13372,90,4,89.51,4
13373,61,31,698.2499999999999,30
13375,89,9,136.1,9
13376,100,13,236.85,12
13379,27,15,83.59,14
13381,32,38,800.7900000000002,31
13382,281,4,62.7,4
13384,31,25,896.9500000000002,25
13385,330,5,110.6,5
13388,132,9,210.76999999999998,9
13389,12,11,167.97000000000003,11
13394,2,33,665.8900000000001,32
13395,186,4,41.76,4
13396,30,10,342.54,10
13397,73,10,362.79999999999995,9
13398,193,7,103.42999999999999,7
13402,128,8,123.51,8
13403,18,1,15.0,1
13404,213,2,41.6,2
13405,205,6,113.99000000000001,6
13408,2,98,5686.879999999999,84
13410,75,5,125.84,5
13411,108,5,94.65,5
13414,134,7,168.45,7
13416,44,2,59.400000000000006,1
13417,5,10,222.10000000000002,10
13418,12,58,1296.3499999999997,57
13419,64,2,14.399999999999999,2
13420,171,1,10.5,1
13421,41,19,389.92,17
13422,65,30,670.34,30
13425,109,16,245.07,16
13426,1,29,676.5999999999999,27
13427,20,6,148.04,6
13428,11,14,40.93,14
13429,11,16,291.16,15
13430,19,8,76.56,8
13431,68,9,228.42000000000002,9
13435,6,22,759.0000000000001,22
13436,2,2,28.2,2
13437,15,31,666.36,31
13439,256,16,83.85,16
13441,92,1,10.2,1
13447,24,9,175.69,9
13448,17,30,491.28999999999996,30
13449,24,2,41.650000000000006,2
13450,27,14,411.05999999999983,13
13451,27,89,570.73,81
13452,260,2,590.0,1
13453,166,4,111.58,4
13455,25,3,73.8,3
13456,18,13,314.09000000000003,11
13458,8,78,1738.2000000000005,69
13460,30,1,17.0,1
13461,39,4,197.7,4
13462,253,2,37.8,2
13464,59,4,84.9,4
13466,185,5,78.39999999999999,5
13467,11,23,242.26999999999998,23
13468,2,54,1044.42,45
13470,100,3,49.5,3
13471,2,65,693.9600000000002,59
13473,61,6,142.29000000000002,6
13474,237,11,46.10000000000001,10
13475,218,14,219.20999999999998,14
13476,179,12,214.49999999999997,12
13477,58,9,152.32,9
13479,201,3,72.3,3
13481,46,22,333.21,22
13482,233,3,52.980000000000004,3
13483,66,3,59.7,3
13484,242,3,63.6,3
13485,234,4,73.3,4
13486,79,14,217.46,14
13487,58,9,149.2,7
13488,18,82,1595.5799999999997,74
13489,106,4,142.07999999999998,3
13491,52,15,192.63000000000002,13
13494,312,3,70.80000000000001,3
13495,8,7,376.2,5
13496,11,3,45.0,2
13497,283,3,54.3,3
13499,18,8,286.45000000000005,7
13500,24,10,189.5,10
13502,17,2,16.8,2
13503,72,1,10.5,1
13504,65,6,72.12,6
13506,317,1,20.4,1
13507,4,33,492.85999999999996,32
13508,244,3,27.630000000000003,3
13509,9,8,121.22,8
13510,2,21,329.31999999999994,20
13512,261,6,89.3,6
13513,127,2,37.65,2
13515,73,7,103.2,7
13516,22,7,370.66,7
13517,60,31,450.99,31
13518,86,7,121.39999999999999,7
13519,79,1,11.9,1
13521,2,98,263.2799999999999,88
13523,34,29,893.3699999999998,29
13524,41,3,53.78,3
13525,15,1,23.9,1
13527,34,47,538.8299999999998,45
13529,79,3,51.050000000000004,3
13531,206,3,79.85,3
13532,34,10,29.61,10
13533,183,16,63.29,16
13534,3,63,1242.0499999999995,45
13536,2,40,723.0700000000002,36
13538,44,6,283.65,6
13539,86,8,161.39999999999998,8
13544,40,21,66.33000000000001,21
13546,13,15,84.90000000000002,15
13548,97,26,127.1,25
13549,65,9,173.60000000000002,8
13551,320,1,17.85,1
13552,67,30,1059.26,26
13555,74,29,764.9599999999998,29
13557,29,9,148.08,8
13558,6,43,181.15,40
13560,8,7,45.1,7
13562,82,12,249.4,12
13563,85,10,222.27999999999997,10
13564,145,9,644.7399999999999,9
13565,20,11,78.23,11
13566,41,37,201.26000000000002,35
13568,174,6,19.45,6
13569,18,12,55.1,12
13570,244,6,55.910000000000004,6
13571,13,86,511.2999999999999,68
13572,206,7,182.52999999999997,6
13573,51,6,73.75,6
13575,24,13,194.5,12
13576,11,25,1211.14,20
13577,26,17,439.84999999999997,17
13581,310,1,2.95,1
13583,156,10,151.9,10
13584,307,9,43.2,9
13587,64,3,357.59999999999997,3
13588,16,35,454.97999999999996,30
13589,15,3,67.35,3
13590,12,19,373.42999999999995,17
13591,65,13,324.4,13
13592,206,3,58.97,3
13593,109,29,507.46999999999997,27
13594,53,5,56.51,5
13596,6,35,147.43,32
13598,48,4,15.649999999999999,4
13599,2,45,1139.8199999999997,42
13600,313,6,48.57,6
13601,46,18,134.25,18
13602,65,6,101.1,6
13603,27,8,62.19,8
13606,30,5,25.32,5
13607,41,27,179.72000000000003,27
13610,13,56,284.67,53
13611,90,14,234.79999999999998,14
13614,25,41,327.6799999999999,41
13615,319,6,103.8,6
13617,41,13,136.47,13
13618,174,4,38.26,4
13621,117,2,32.4,2
13623,31,18,183.04999999999998,16
13626,253,3,45.199999999999996,3
13627,60,18,298.43000000000006,18
13629,24,16,2480.76,8
13630,6,17,403.99,16
13631,207,1,100.0,1
13632,25,25,363.81,23
13634,34,33,352.33,32
13635,68,15,243.23000000000002,15
13636,37,13,185.0,13
13637,53,29,256.25,28
13638,16,3,38.1,3
13639,75,10,270.78,10
13642,216,9,51.07,9
13643,32,8,152.7,8
13644,17,33,639.34,33
13645,121,1,19.9,1
13647,10,13,240.56,13
13649,257,1,15.299999999999999,1
13650,17,26,461.91999999999996,25
13652,46,9,170.68,9
13654,44,27,442.9399999999999,27
13655,115,12,190.16,12
13656,165,7,62.11999999999999,7
13657,11,2,22.8,2
13658,10,12,244.46,12
13659,206,18,268.33,18
13662,86,8,134.84,8
13663,180,1,5.04,1
13666,61,2,12.55,2
13667,150,19,53.94000000000001,19
13668,3,93,1320.5700000000006,77
13669,51,3,60.45,3
13670,76,3,59.94,3
13673,19,14,110.92000000000002,14
13675,152,9,167.04000000000002,9
13678,152,2,11.64,2
13680,2,30,983.16,30
13681,18,12,177.88,11
13682,188,2,42.5,2
13684,286,8,14.799999999999999,7
13685,4,8,754.27,8
13686,183,1,8.5,1
13689,64,2,358.0,2
13690,60,2,32.7,2
13692,25,8,324.90000000000003,8
13694,4,115,12768.029999999995,107
13695,32,14,305.27,13
13697,39,4,48.32,4
13699,156,3,63.6,3
13700,27,48,495.37999999999994,46
13703,319,1,99.5,1
13704,6,18,320.96999999999997,17
13705,8,3,99.36000000000001,3
13706,303,4,41.10000000000001,4
13707,268,5,110.44999999999999,5
13708,272,17,88.43,17
13709,4,62,1458.9300000000003,58
13710,32,2,23.28,2
13711,219,4,88.19,4
13712,247,1,15.0,1
13715,282,24,198.25000000000003,24
13716,270,5,25.849999999999998,5
13717,33,16,204.65999999999997,16
13718,247,3,73.1,3
13719,16,15,278.09000000000003,15
13720,117,8,118.1,8
13721,37,6,127.95,6
13722,132,16,437.44000000000005,16
13723,218,1,19.75,1
13725,50,14,215.95000000000002,14
13726,39,12,349.94,12
13727,29,7,103.85,7
13728,37,11,187.7,10
13730,136,13,288.47,13
13731,220,12,215.51999999999998,11
13732,29,4,71.4,4
13735,25,44,720.4899999999999,44
13736,6,28,84.36000000000001,28
13737,201,8,46.45,8
13740,241,3,30.479999999999997,3
13741,72,8,153.21,8
13742,17,59,569.5099999999999,55
13743,3,7,275.88,6
13744,96,18,301.48,18
13745,163,7,111.71999999999998,7
13748,96,7,215.14999999999998,7
13750,54,8,467.07000000000005,8
13751,289,2,169.2,2
13752,156,16,204.57999999999998,16
13753,288,4,63.9,4
13754,318,3,45.3,3
13755,4,68,520.7699999999999,62
13756,3,23,831.33,18
13758,39,17,423.65000000000003,17
13759,72,8,282.44,8
13760,55,8,30.04,8
13761,51,11,162.09,11
13762,219,1,30.0,1
13763,64,2,281.52,2
13764,71,27,154.42999999999998,26
13767,26,72,2940.199999999999,34
13769,3,25,729.2600000000001,20
13771,65,18,331.9,18
13772,34,35,212.14999999999998,35
13774,82,4,62.349999999999994,4
13777,9,32,4401.259999999999,16
13778,104,1,27.25,1
13780,8,12,62.31,12
13781,251,6,37.830000000000005,6
13782,13,26,227.92000000000007,24
13784,219,2,55.800000000000004,2
13787,76,5,13.89,5
13790,5,8,85.26,8
13791,128,3,648.0,3
13792,67,2,38.4,2
13798,3,75,8167.579999999999,42
13799,117,7,136.3,7
13800,310,8,151.8,8
13801,67,2,30.299999999999997,2
13802,139,14,1114.98,14
13803,256,3,57.7,3
13804,31,21,374.92,21
13805,53,4,303.40000000000003,4
13808,6,12,339.7,12
13819,302,8,241.8,7
13821,145,13,77.69,12
13822,41,23,93.59000000000002,23
13823,19,12,341.55,12
13824,242,8,216.5,7
13826,177,1,25.5,1
13827,58,17,76.18,17
13828,23,1,10.2,1
13831,17,18,367.90999999999997,18
13832,20,1,19.799999999999997,1
13833,160,6,97.7,6
13835,26,9,160.18,9
13837,212,2,8.5,2
13838,6,30,106.15000000000002,28
13842,59,41,664.89,39
13844,12,5,111.10000000000001,5
13846,25,14,242.45000000000002,14
13848,298,1,85.0,1
13849,52,25,401.78,24
13850,130,19,308.63,19
13851,96,17,366.53999999999996,17
13853,58,4,139.39999999999998,4
13854,9,18,1367.8900000000003,16
13856,169,3,112.8,3
13858,58,3,50.370000000000005,3
13859,327,8,50.089999999999996,8
13860,2,18,294.94,17
13862,19,22,390.55,20
13863,248,4,60.18,4
13865,59,7,121.82,7
13866,75,1,24.900000000000002,1
13867,32,11,180.56,10
13868,39,5,108.05000000000001,5
13869,124,63,674.3799999999997,61
13870,3,28,563.3299999999999,27
13871,23,54,997.1599999999999,45
13873,120,2,47.7,2
13874,359,4,227.64999999999998,4
13875,54,27,442.64,26
13876,64,3,58.6,3
13878,55,9,313.42,9
13880,22,30,708.8299999999999,28
13881,26,31,2785.21,27
13882,3,17,284.74,17
13883,11,28,527.69,26
13884,8,12,171.50000000000003,10
13885,201,3,64.7,3
13886,72,3,39.7,3
13887,205,5,78.96000000000001,5
13888,120,11,160.51,11
13889,93,5,133.7,5
13890,2,14,246.53999999999996,14
13892,65,5,105.4,5
13893,298,5,84.80000000000001,5
13894,24,4,65.4,4
13895,29,23,539.74,22
13897,51,5,74.9,5
13898,326,2,29.85,2
13899,275,3,78.9,3
13900,193,7,121.22000000000001,7
13901,73,27,496.62000000000006,27
13904,38,3,50.4,3
13908,80,26,491.82,25
13911,58,31,473.53999999999996,29
13914,12,3,67.86,3
13917,50,3,17.04,3
13918,50,4,106.30000000000001,4
13922,352,2,51.75,2
13923,54,6,98.42000000000002,6
13924,2,23,337.24000000000007,22
13925,122,10,142.47,10
13926,24,1,20.4,1
13927,75,3,47.2,3
13928,11,6,91.32,6
13929,170,2,433.7,2
13930,58,2,30.6,2
13931,96,16,280.90000000000003,16
13933,110,3,77.1,3
13934,264,10,219.25,10
13936,180,7,112.53999999999999,7
13937,170,2,50.39999999999999,2
13938,36,3,21.939999999999998,3
13939,24,13,149.91,13
13940,18,7,141.54000000000002,7
13941,22,6,547.2,6
13946,202,2,131.39999999999998,2
13947,66,1,19.799999999999997,1
13948,361,1,46.8,1
13949,3,30,454.94000000000005,28
13950,12,3,55.08,3
13951,177,7,115.38,7
13952,218,32,722.0599999999998,31
13953,8,3,795.0,3
13954,2,9,176.5,9
13955,155,9,72.98000000000002,9
13956,6,32,266.47999999999996,32
13959,80,19,142.96000000000004,16
13960,22,2,24.660000000000004,2
13962,246,1,15.299999999999999,1
13963,309,3,45.2,3
13967,146,1,45.0,1
13969,8,129,1970.9699999999998,95
13971,19,26,467.36,26
13972,202,3,53.9,3
13973,288,5,177.2,5
13974,50,3,39.96,3
13975,32,63,433.75000000000017,61
13978,46,3,63.32000000000001,3
13979,74,15,227.0,15
13980,61,4,91.66,4
13982,40,15,325.34999999999997,14
13983,30,23,826.94,23
13984,326,1,11.8,1
13985,5,68,1406.42,46
13986,18,3,58.129999999999995,3
13988,20,42,661.7399999999999,42
13989,66,11,316.6,10
13990,214,3,54.550000000000004,3
13991,13,21,195.13000000000002,20
13992,31,1,20.0,1
13993,43,14,541.28,14
13994,4,26,467.0399999999999,25
13995,57,14,217.43,13
13999,11,27,588.9800000000001,26
14000,212,3,60.0,3
14001,46,8,496.20000000000005,8
14002,135,5,70.28,5
14004,44,37,1170.75,33
14005,10,22,697.3600000000001,19
14006,116,6,196.32,6
14009,199,11,199.10999999999996,11
14012,278,3,104.4,3
14013,111,6,82.38,6
14014,78,4,28.240000000000002,4
14015,53,4,189.42000000000002,4
14019,47,8,204.85,7
14020,17,7,119.05999999999999,7
14021,156,8,218.84999999999997,8
14022,226,6,64.86,6
14023,8,6,110.5,6
14024,122,4,66.15,4
14027,61,1,10.2,1
14029,64,1,25.5,1
14030,19,37,297.68000000000006,34
14031,8,41,2504.6800000000007,32
14032,17,26,484.41999999999996,18
14034,23,23,66.69,23
14035,29,15,275.12,14
14036,285,8,137.0,8
14037,365,4,15.75,4
14038,79,14,237.70000000000005,13
14039,34,3,102.6,3
14040,62,40,696.3,33
14041,267,4,11.799999999999999,4
14044,27,38,118.19000000000004,37
14047,9,3,113.1,3
14048,306,21,95.47,20
14049,17,97,1048.92,94
14050,32,12,184.73,12
14051,1,32,2688.9500000000003,27
14052,20,11,38.99999999999999,11
14054,66,1,9.959999999999999,1
14055,107,2,137.6,2
14056,2,205,1618.4600000000003,142
14057,24,52,1356.9399999999998,44
14059,267,1,23.4,1
14060,5,43,1623.2999999999997,32
14062,10,18,1140.2200000000003,18
14064,30,18,218.71,16
14066,267,2,53.25,2
14067,64,8,73.9,8
14068,321,5,67.80000000000001,5
14071,4,70,296.92999999999995,70
14073,33,3,30.939999999999998,3
14075,5,12,222.12,12
14076,130,8,21.79,8
14077,79,11,111.27,11
14078,102,9,300.4,8
14079,125,3,46.55,3
14081,303,16,98.90000000000002,16
14082,365,5,32.6,5
14083,5,21,153.3,21
14085,3,102,925.3399999999999,90
14087,3,16,56.50999999999999,16
14088,11,141,11812.270000000002,126
14089,57,4,79.45,4
14092,8,34,634.5,31
14093,13,16,91.34999999999998,16
14096,5,1055,13300.099999999991,639
14098,37,6,18.259999999999998,6
14099,17,55,701.93,50
14100,138,6,41.95,6
14101,74,11,2191.94,7
14102,6,16,251.6,12
14104,155,4,93.6,4
14105,240,13,224.73000000000002,13
14107,52,24,498.15999999999997,18
14108,31,4,85.98,4
14109,73,3,55.2,3
14110,4,29,1367.9,23
14112,23,30,537.9000000000001,29
14113,4,6,106.80000000000001,6
14114,274,2,53.699999999999996,2
14116,20,13,245.32000000000002,13
14117,144,1,30.0,1
14121,4,32,631.12,32
14124,85,2,118.08,2
14125,11,29,443.0700000000001,29
14126,11,2,29.400000000000002,2
14127,123,6,92.34,6
14128,61,12,184.22,12
14129,2,11,251.00000000000003,10
14130,320,14,99.25,14
14132,3,41,757.98,34
14133,130,8,187.92,8
14135,2,19,1035.24,19
14138,2,12,327.29,12
14139,47,5,66.24,5
14140,4,13,164.54999999999998,13
14141,3,4,144.60000000000002,4
14145,47,3,1128.6,3
14146,9,48,823.6199999999999,44
14147,286,1,136.0,1
14148,234,1,127.5,1
14149,221,3,50.39999999999999,3
14150,36,8,163.6,8
14152,76,10,114.17999999999999,10
14154,240,11,214.7,11
14155,267,2,35.7,2
14157,286,3,18.97,3
14158,41,10,115.98,10
14159,20,223,837.3899999999998,170
14161,216,12,70.44,11
14162,174,4,35.849999999999994,4
14163,88,16,524.8399999999999,16
14164,81,4,131.4,4
14165,276,9,49.480000000000004,9
14167,40,13,167.95,12
14171,99,11,83.57,11
14173,11,5,53.68000000000001,5
14174,34,5,19.05,5
14175,60,34,707.59,34
14176,298,5,88.0,5
14177,96,9,68.30000000000001,9
14178,9,69,342.88999999999993,59
14179,41,36,149.38000000000002,35
14180,11,39,754.0000000000001,32
14184,67,6,110.64,6
14185,332,1,165.0,1
14188,31,15,422.40000000000003,13
14189,3,54,987.9499999999998,51
14191,2,48,896.0699999999997,38
14193,68,8,157.2,8
14194,5,115,2343.4499999999994,97
14195,253,1,100.80000000000001,1
14196,107,2,244.79999999999998,2
14198,19,6,106.75,6
14201,61,7,113.17999999999999,7
14204,3,11,45.6,11
14205,17,6,113.7,6
14206,240,3,56.99999999999999,3
14208,95,1,10.5,1
14209,122,7,119.75000000000001,7
14210,106,22,397.0400000000001,20
14211,54,16,299.82,15
14212,90,3,339.4,3
14214,171,11,196.59,11
14215,12,18,311.25,18
14216,4,10,276.86,10
14217,12,30,595.53,28
14218,43,4,54.56,4
14219,5,1,4.68,1
14220,248,8,307.2,8
14221,43,33,588.7899999999998,30
14222,178,13,212.21999999999997,13
14223,93,8,111.92,8
14224,111,22,214.73,21
14226,30,13,461.20000000000005,13
14227,27,33,677.8799999999999,29
14229,52,8,313.98,8
14231,184,11,164.62,11
14232,43,23,475.26,22
14233,50,6,174.76000000000002,6
14234,31,35,182.75,33
14235,158,17,701.48,16
14236,81,3,33.839999999999996,3
14239,44,21,507.06000000000006,18
14240,31,5,80.16,5
14241,184,3,94.60000000000001,3
14242,235,2,34.55,2
14243,9,20,325.23,18
14245,220,20,298.72,20
14246,111,12,233.14000000000001,12
14247,279,4,21.799999999999997,4
14248,319,3,43.379999999999995,3
14250,8,20,365.54,20
14251,2,14,537.0,12
14256,261,17,301.29999999999995,17
14257,124,18,358.75,18
14258,90,22,2687.34,21
14259,142,1,15.9,1
14261,51,8,256.5,8
14262,9,22,482.82000000000005,18
14264,155,4,79.7,4
14267,163,10,311.68,9
14270,332,6,111.30000000000001,6
14271,226,1,11.9,1
14272,74,7,86.30000000000001,7
14273,137,2,35.099999999999994,2
14276,99,12,212.65999999999997,12
14280,197,2,20.94,2
14282,4,36,781.22,31
14284,31,6,109.44999999999999,6
14285,22,4,199.92,4
14286,24,64,1011.76,61
14287,9,2,35.400000000000006,2
14288,214,4,80.7,4
14289,9,8,178.2,7
14290,12,26,648.19,26
14291,2,57,1054.1399999999999,53
14292,8,19,793.6800000000001,17
14293,4,5,84.36,5
14295,41,2,50.400000000000006,2
14297,18,13,283.21,12
14298,9,325,9798.25999999999,283
14299,9,24,542.5599999999998,22
14301,118,2,168.12,2
14304,223,5,96.5,5
14305,72,19,364.62999999999994,18
14306,52,3,208.5,3
14307,89,34,566.8299999999999,33
14309,9,27,671.6700000000001,23
14311,243,6,96.55000000000001,6
14312,47,16,262.54,15
14314,107,1,9.120000000000001,1
14315,45,25,647.35,21
14317,65,6,142.38,6
14320,333,7,93.09,7
14321,11,24,271.92,24
14323,115,13,208.07999999999998,12
14326,243,2,40.2,2
14327,164,4,90.19999999999999,4
14329,18,46,967.2800000000002,44
14331,136,4,58.379999999999995,4
14332,23,7,84.36000000000001,6
14333,68,2,29.1,2
14334,94,35,596.5600000000001,32
14336,17,17,342.82,16
14338,197,3,59.6,3
14339,243,4,116.1,4
14340,219,3,65.4,3
14341,46,23,363.03000000000003,23
14342,22,5,169.56,5
14344,128,9,67.94,9
14345,39,2,32.85,2
14346,121,13,274.36,13
14348,261,3,47.7,3
14349,11,8,25.49,8
14350,275,3,31.86,3
14351,165,1,51.0,1
14352,235,8,236.60000000000002,7
14353,216,2,18.9,2
14354,6,3,48.599999999999994,3
14356,80,9,138.46999999999997,9
14357,44,5,25.25,5
14359,20,11,189.3,10
14360,32,32,675.6999999999999,32
14362,23,9,36.8,9
14364,135,18,1066.0,15
14367,9,114,1913.41,93
14368,320,1,17.0,1
14371,296,1,26.099999999999998,1
14373,359,1,24.95,1
14375,186,22,87.09999999999998,21
14377,192,3,115.85,3
14379,45,9,80.97,9
14381,53,11,40.2,11
14382,27,28,176.65000000000003,27
14383,39,12,348.0199999999999,12
14385,10,4,71.05,4
14386,297,2,27.900000000000002,2
14387,33,26,368.13,26
14388,11,35,588.6899999999999,32
14389,66,11,220.1,10
14390,11,51,917.61,41
14393,219,2,29.75,2
14395,3,67,682.0500000000002,55
14396,66,8,110.52,8
14397,3,21,498.9799999999999,9
14400,150,4,153.14000000000001,4
14401,5,38,805.9599999999999,35
14403,218,6,546.8100000000001,6
14404,34,15,205.01,15
14406,120,1,15.299999999999999,1
14407,108,12,471.99,11
14408,11,21,589.42,18
14409,72,11,324.40999999999997,10
14410,93,36,257.50999999999993,35
14411,311,3,286.20000000000005,3
14412,43,9,114.13,9
14413,363,3,14.45,3
14414,92,25,347.46000000000004,22
14415,2,102,1044.5499999999997,84
14416,43,2,36.1,2
14418,4,29,499.59,28
14419,11,37,202.57000000000002,32
14420,100,4,48.36,4
14421,58,7,197.37,7
14422,1,46,829.7200000000001,45
14426,24,55,1046.6200000000001,51
14427,64,6,99.58000000000001,6
14428,8,23,218.89,22
14431,303,2,43.2,2
14432,10,92,515.18,85
14434,38,1,69.6,1
14436,99,1,9.48,1
14438,307,3,47.5,3
14440,9,10,412.74000000000007,10
14441,1,12,466.63999999999993,12
14443,54,20,314.27,20
14446,1,60,266.84,57
14447,19,20,344.00000000000006,17
14448,365,4,12.0,4
14449,19,34,158.56,34
14450,181,6,80.55000000000001,6
14451,61,17,94.84,16
14452,11,8,35.91,8
14453,191,5,34.43,5
14456,6,188,636.6600000000001,166
14459,156,6,227.60000000000002,6
14461,149,26,340.41999999999996,26
14462,67,38,309.34,34
14463,206,1,76.32000000000001,1
14465,247,23,134.35000000000002,23
14466,30,10,408.29999999999995,8
14467,18,10,50.650000000000006,9
14470,12,11,109.03999999999999,11
14472,104,54,365.2299999999999,47
14473,283,1,85.0,1
14474,47,2,32.3,2
14475,72,8,252.84999999999997,7
14476,258,4,55.75,4
14477,51,1,179.0,1
14479,254,2,48.4,2
14481,165,3,54.800000000000004,3
14482,19,26,253.60999999999999,25
14484,51,3,78.2,3
14485,39,11,39.71,11
14487,27,29,223.15000000000003,26
14488,68,12,188.48000000000002,12
14489,208,4,52.5,4
14491,176,3,50.15,3
14493,8,24,465.48,23
14494,26,1,30.0,1
14495,122,1,19.799999999999997,1
14496,312,3,50.97,3
14497,310,6,105.96000000000001,6
14498,43,34,441.0700000000001,33
14499,27,41,165.94999999999996,38
14501,184,4,93.18,3
14502,20,127,444.1799999999998,110
14503,4,29,786.11,26
14504,48,21,121.83000000000001,19
14505,18,152,1150.3799999999999,136
14506,18,57,353.58,53
14507,41,24,333.16,22
14508,23,14,83.95999999999998,14
14511,12,20,315.64,18
14512,188,5,75.35000000000001,5
14513,207,2,53.65,2
14514,62,11,125.08,11
14515,18,18,365.9799999999999,17
14517,34,5,75.95,5
14518,65,5,64.09,5
14520,2,1,62.400000000000006,1
14522,93,3,189.42000000000002,3
14523,109,2,22.4,2
14524,32,28,293.9599999999999,28
14525,20,57,728.68,50
14527,3,187,1628.8800000000017,135
14528,38,4,150.24,4
14529,61,42,122.15000000000002,41
14530,26,53,742.5799999999999,49
14532,237,7,96.45,7
14533,25,12,447.06,11
14534,3,108,1082.5,98
14535,61,75,711.72,73
14536,260,2,59.5,2
14537,58,3,100.68,3
14538,65,2,32.7,2
14539,16,5,114.0,5
14540,10,15,200.32,15
14541,169,25,299.64000000000004,22
14543,31,13,546.4300000000001,11
14544,25,24,406.79999999999995,22
14546,6,70,503.6999999999998,63
14547,4,79,1008.0100000000003,65
14548,318,2,326.4,2
14549,312,8,40.080000000000005,8
14550,11,8,103.81,8
14551,205,2,27.64,2
14552,152,9,31.119999999999994,9
14553,20,18,166.84000000000003,18
14554,11,53,709.0799999999998,48
14555,303,3,32.45,3
14557,86,5,260.46000000000004,5
14560,8,14,338.9599999999999,12
14561,76,9,140.61,9
14562,4,95,1040.98,70
14565,96,29,725.87,28
14567,57,4,176.4,4
14569,2,2,4.15,2
14570,281,8,49.6,8
14572,41,57,451.37999999999994,49
14573,180,24,140.95000000000002,23
14577,13,21,162.32,21
14578,4,5,59.03,5
14581,17,5,57.95000000000001,5
14582,41,2,21.459999999999997,2
14583,6,62,173.88000000000008,56
14584,170,11,113.52000000000001,10
14585,51,7,38.51,7
14586,277,4,34.44,4
14587,19,59,204.12,55
14591,16,37,190.35,32
14592,36,29,82.98,29
14593,22,32,223.36,29
14594,8,4,28.979999999999997,4
14595,25,17,297.47,17
14597,12,8,138.92,8
14598,45,11,51.03,11
14600,306,7,123.75000000000003,7
14601,11,1,35.400000000000006,1
14603,275,1,509.99999999999994,1
14606,2,512,2353.590000000002,332
14607,19,15,3195.06,14
14608,5,6,580.6,5
14616,243,1,158.4,1
14618,10,2,60.0,2
14619,246,3,51.900000000000006,3
14620,206,5,76.46000000000001,5
14621,2,23,499.54,22
14622,185,6,64.7,6
14623,33,31,176.86999999999998,29
14624,58,1,15.600000000000001,1
14625,197,8,145.6,8
14626,24,25,491.6,24
14628,92,8,153.03,8
14629,5,25,131.26000000000002,25
14631,51,12,325.84000000000003,12
14632,263,1,15.9,1
14633,267,4,82.45,4
14636,37,6,127.80000000000001,6
14638,51,3,113.99000000000001,3
14639,53,36,609.3100000000002,35
14640,25,21,497.7400000000001,21
14641,22,3,59.75999999999999,3
14643,171,2,29.72,2
14644,68,6,146.3,6
14645,157,8,127.19,8
14647,202,7,120.35000000000001,6
14649,5,36,265.57,34
14651,68,24,136.02,24
14652,78,4,13.79,4
14653,2,39,344.52,37
14655,9,4,162.2,4
14656,170,17,65.89,16
14657,18,25,162.22000000000003,24
14658,6,6,39.09,6
14659,9,40,402.61,37
14660,87,6,31.47,5
14662,29,28,116.83000000000001,28
14664,20,22,106.72,21
14665,61,19,404.4199999999999,19
14666,25,3,34.3,3
14667,11,105,1810.2900000000002,89
14669,242,44,306.5899999999999,44
14670,281,30,138.18,30
14672,235,15,179.50000000000006,15
14673,4,10,167.25,9
14675,17,22,108.7,22
14676,32,9,765.96,9
14680,72,38,3439.9399999999996,27
14681,212,1,340.0,1
14682,202,1,20.8,1
14684,26,92,336.76999999999975,78
14687,107,2,49.8,2
14688,8,53,836.05,46
14689,209,3,17.7,3
14690,45,12,99.68,12
14691,31,13,469.0900000000001,12
14692,138,11,97.85,10
14693,265,2,134.1,2
14696,5,24,411.4,24
14697,219,5,29.089999999999996,5
14698,2,37,252.57,35
14699,215,3,39.45,3
14700,33,27,581.33,25
14701,11,77,630.5199999999999,76
14702,2,66,716.2500000000002,57
14703,15,5,68.53,5
14704,20,89,323.3199999999999,78
14708,3,4,185.99999999999997,4
14709,16,36,918.95,28
14710,15,24,91.86000000000003,24
14711,11,69,615.32,59
14712,30,6,393.9,6
14713,10,54,368.67999999999995,46
14714,25,1,11.6,1
14715,25,18,192.68,18
14716,44,17,122.19000000000001,14
14719,2,40,261.2899999999999,36
14720,6,6,83.1,6
14722,148,5,29.150000000000002,5
14723,11,54,195.57999999999998,50
14725,25,14,216.8,14
14727,275,4,135.2,4
14730,2,91,431.3599999999997,82
14731,48,12,117.42999999999998,12
14732,9,35,621.5,33
14733,17,40,1874.3799999999999,36
14735,4,33,932.0899999999998,27
14737,4,7,516.75,6
14738,43,2,14.86,2
14739,20,10,579.5999999999999,9
14740,198,17,329.7,17
14741,12,15,402.4599999999999,13
14744,17,4,107.94999999999999,4
14745,113,16,324.87,15
14747,250,3,55.599999999999994,3
14748,30,10,149.95,10
14752,44,2,260.64,2
14753,88,5,100.30000000000001,5
14754,45,9,159.28,9
14755,10,42,912.87,38
14756,16,6,100.77999999999999,6
14757,76,4,93.92,4
14758,145,19,407.0,18
14759,5,32,524.0,31
14760,298,2,43.599999999999994,2
14761,335,1,10.2,1
14762,264,3,27.96,3
14765,30,8,52.82000000000001,8
14766,9,21,445.72,21
14768,18,2,89.10000000000001,1
14769,3,233,2220.16,209
14770,233,12,195.66,11
14772,113,3,47.25,3
14775,59,13,196.62,13
14776,52,27,565.32,19
14778,128,11,226.06,11
14779,324,6,67.65,6
14780,55,7,123.22,7
14782,320,1,25.200000000000003,1
14784,27,2,30.0,2
14788,8,4,94.60000000000001,3
14790,29,3,30.66,3
14793,22,2,23.2,2
14794,3,12,204.06,12
14795,167,1,23.85,1
14796,2,217,1434.580000000001,144
14798,53,3,46.72,3
14799,52,1,5.8,1
14800,48,57,586.0,53
14801,62,13,41.65,13
14803,163,14,221.25000000000003,14
14804,9,2,73.1,2
14805,16,13,169.6,11
14806,76,4,70.14,4
14808,40,30,336.47999999999996,29
14810,41,49,416.13000000000005,38
14815,37,6,86.52,6
14817,201,14,237.04,14
14818,74,13,224.52999999999997,13
14819,65,3,83.85,3
14820,22,4,60.45,3
14823,181,16,78.43,16
14824,11,4,122.46000000000001,4
14825,24,15,338.15000000000003,13
14828,197,2,275.40000000000003,2
14829,30,6,110.36,6
14830,54,8,18.369999999999997,8
14834,18,14,300.09999999999997,11
14837,90,22,353.90000000000003,21
14841,54,29,640.61,28
14842,44,27,474.08,27
14844,64,24,987.9700000000003,20
14847,149,4,79.69999999999999,4
14849,22,57,1175.3700000000001,46
14850,312,3,45.1,3
14851,24,5,57.239999999999995,5
14852,59,37,693.49,36
14853,25,2,191.7,2
14854,79,25,430.49999999999994,24
14855,120,5,113.6,4
14856,37,10,244.76999999999998,10
14857,60,12,234.35,12
14859,13,10,217.22000000000003,9
14860,20,1,40.56,1
14862,26,8,151.9,8
14863,30,4,86.88,4
14866,39,19,4053.98,15
14867,186,9,202.98,8
14868,4,38,793.0600000000002,35
14869,9,9,70.22,9
14870,262,5,87.6,5
14871,4,18,104.27,17
14873,211,5,114.5,5
14875,108,7,126.75,7
14878,37,22,369.51,17
14880,78,10,146.13,10
14881,20,4,67.92,4
14882,27,3,207.9,2
14883,40,7,101.82999999999998,7
14885,132,5,325.2,5
14886,253,4,68.1,4
14888,208,4,67.8,4
14889,337,3,42.3,3
14890,254,1,15.0,1
14891,149,6,83.34,6
14893,12,8,110.64,8
14894,86,4,152.76,4
14895,8,107,2194.1,94
14896,205,1,13.5,1
14897,8,10,214.64,10
14898,24,23,324.4,20
14901,12,8,146.58,8
14902,26,6,117.9,6
14903,22,64,465.2399999999998,61
14904,3,13,147.94,13
14905,158,5,214.0,5
14907,4,23,487.90000000000003,21
14908,75,1,45.0,1
14910,3,9,143.53,9
14913,36,14,228.98000000000002,12
14915,92,6,177.98000000000002,6
14916,71,13,229.03000000000003,13
14918,116,14,478.90999999999997,14
14920,213,14,237.29,14
14921,31,15,221.95,15
14923,51,9,167.94000000000003,9
14924,246,1,15.8,1
14929,33,4,74.6,4
14944,30,30,916.6900000000003,28
14947,131,1,30.0,1
14948,24,18,260.46999999999997,18
14950,20,4,64.0,4
14951,80,1,15.600000000000001,1
14952,60,25,1138.3200000000002,25
14953,26,10,45.709999999999994,10
14954,13,19,101.57000000000002,19
14957,254,1,3.9,1
14958,148,6,40.7,6
14959,65,10,131.94,9
14960,9,7,40.01,7
14961,11,59,1467.8700000000006,55
14962,271,1,70.2,1
14963,10,36,248.27000000000004,35
14964,248,4,29.55,4
14965,97,18,211.85999999999999,17
14966,15,8,59.83,8
14967,50,2,109.80000000000001,2
14968,31,4,13.850000000000001,4
14970,69,4,182.3,4
14971,36,30,215.33999999999997,29
14972,129,2,14.01,2
14973,108,4,97.32,4
14974,38,4,19.529999999999998,4
14975,58,2,85.32,2
14976,58,16,205.76999999999998,13
14978,73,46,371.51000000000005,43
14981,247,4,50.46,4
14984,20,15,80.68,15
14985,199,18,46.660000000000004,17
14987,16,1,81.6,1
14988,212,11,103.08000000000001,11
14995,39,8,28.13,8
14997,47,6,134.16,6
14998,171,12,111.47000000000001,12
15000,48,12,77.32000000000001,12
15002,116,19,238.22000000000003,17
15004,148,23,147.54000000000002,23
15005,16,236,1344.3899999999999,150
15006,52,28,108.99000000000002,26
15007,160,1,4.16,1
15009,13,29,207.10999999999996,28
15010,36,8,111.05000000000001,8
15012,54,18,58.61,18
15014,44,6,94.17999999999999,6
15016,173,5,54.760000000000005,5
15017,34,1,4.2,1
15018,39,6,88.53999999999999,6
15019,267,15,52.3,15
15021,9,95,456.96,79
15022,12,22,133.95000000000002,20
15023,4,111,1246.71,102
15024,10,25,267.59,25
15025,34,16,75.4,16
15026,81,8,81.54,7
15027,31,9,343.49999999999994,9
15028,9,7,62.35,7
15030,72,1,95.4,1
15031,5,19,95.89000000000003,19
15032,257,3,359.5,3
15033,5,102,557.1899999999997,88
15034,16,72,945.7099999999997,72
15035,90,2,37.050000000000004,2
15036,73,25,121.84999999999998,23
15038,69,19,102.22,19
15039,10,305,3602.670000000001,189
15041,171,10,31.139999999999997,10
15043,32,1,179.0,1
15044,20,94,1578.4600000000003,75
15045,152,3,98.88,3
15046,10,45,983.7199999999998,42
15047,270,6,100.4,6
15048,66,13,66.76,13
15050,26,15,371.95000000000005,15
15051,24,39,394.3400000000001,38
15052,320,5,22.4,5
15053,5,16,143.05,14
15054,13,26,71.00000000000001,26
15057,316,4,211.5,4
15058,26,35,286.44,34
15059,41,53,319.61999999999983,48
15060,9,23,87.16,21
15061,4,58,6916.620000000002,27
15062,72,18,340.41999999999996,16
15063,214,2,45.4,2
15065,38,17,529.0500000000001,17
15066,54,12,252.79999999999998,12
15067,79,16,357.74000000000007,16
15068,47,21,116.54,20
15069,180,7,109.80000000000001,7
15071,94,5,205.0,5
15073,10,11,201.55,10
15074,106,7,144.92000000000002,7
15075,78,6,261.86,6
15076,173,4,63.3,4
15078,8,83,1901.0199999999993,51
15079,213,9,184.11,9
15081,23,6,89.94999999999999,6
15083,257,1,14.850000000000001,1
15087,282,2,43.8,2
15088,22,15,281.52000000000004,15
15089,11,29,589.4999999999999,29
15090,309,3,45.4,3
15091,68,6,77.91000000000001,6
15092,216,3,46.8,2
15093,19,15,715.8399999999999,15
15095,104,7,205.5,7
15096,43,1,6.64,1
15097,5,5,56.8,5
15099,85,5,67.48,5
15101,9,2,58.53,2
15103,32,5,78.53999999999999,5
15104,197,14,198.92000000000002,14
15105,19,17,358.22,17
15106,18,24,321.41999999999996,23
15107,331,3,40.45,3
15109,246,6,103.35000000000001,6
15110,24,7,243.05,5
15111,30,12,272.75,12
15113,10,18,586.1,15
15114,31,32,529.86,30
15115,19,5,76.80000000000001,5
15116,18,10,210.76000000000002,9
15117,15,14,376.90999999999997,14
15118,135,1,244.8,1
15119,246,1,16.5,1
15120,134,5,77.3,5
15121,289,4,74.55000000000001,4
15122,115,17,355.86000000000007,15
15123,8,17,332.39000000000004,16
15124,23,6,74.32000000000001,6
15125,26,24,2054.3399999999997,22
15127,66,8,227.51999999999998,8
15128,61,20,290.82,20
15129,51,13,615.7,11
15130,170,4,73.2,4
15132,106,11,159.56,11
15133,128,8,254.12,8
15134,15,19,410.17999999999995,15
15135,240,2,30.0,2
15136,3,22,479.42999999999995,20
15139,337,2,27.900000000000002,2
15140,53,17,525.24,17
15142,47,6,107.5,6
15143,226,2,28.200000000000003,2
15144,9,41,1276.0999999999997,38
15145,5,13,238.45999999999998,13
15146,165,26,364.4199999999999,26
15147,241,6,92.70000000000002,6
15148,11,4,54.51,4
15149,134,6,146.55,6
15150,18,61,961.24,58
15152,10,47,817.64,45
15153,32,4,57.7,4
15154,76,20,46.81,17
15156,2,11,245.25,11
15157,4,33,585.84,33
15158,46,3,189.6,3
15159,5,143,3771.400000000001,122
15160,358,1,106.2,1
15163,19,6,66.22,6
15164,69,21,175.29,19
15167,321,4,12.65,4
15168,26,2,32.4,2
15172,9,17,251.54000000000002,17
15174,323,4,67.02,4
15175,72,3,25.16,3
15178,261,1,19.5,1
15179,19,15,468.77000000000004,15
15181,67,7,337.7999999999999,6
15182,155,4,100.44999999999999,3
15184,30,18,117.41000000000001,18
15185,71,6,56.4,6
15186,15,5,88.86,5
15187,2,26,1636.38,24
15189,2,41,3379.11,31
15192,120,9,138.72,9
15193,61,1,19.799999999999997,1
15194,4,58,1701.8099999999997,55
15195,3,1,3861.0,1
15197,11,8,683.5500000000001,7
15198,93,2,50.400000000000006,2
15199,95,1,49.050000000000004,1
15201,88,11,314.84000000000003,9
15203,26,30,429.08000000000015,27
15204,358,1,59.400000000000006,1
15205,86,10,137.44000000000003,10
15206,100,1,61.199999999999996,1
15208,2,6,202.85,5
15210,226,2,70.11,2
15211,61,8,136.14,8
15213,330,6,81.60000000000001,6
15214,2,28,452.29000000000013,27
15215,47,6,103.74999999999999,6
15218,11,32,982.8699999999999,23
15219,177,2,25.5,2
15220,52,28,419.18,28
15223,226,3,189.2,3
15224,359,1,13.200000000000001,1
15225,235,4,65.1,4
15226,311,1,15.299999999999999,1
15227,37,9,162.77,9
15228,67,20,456.42,19
15230,241,6,89.4,6
15232,114,9,190.66,8
15234,277,1,1.92,1
15235,218,25,381.6900000000001,25
15236,299,4,96.0,4
15237,79,17,227.53,17
15238,30,10,263.41,10
15239,11,4,53.0,4
15240,45,14,229.81000000000006,11
15241,67,19,317.14,18
15243,75,4,49.25,4
15244,66,7,159.36,7
15245,135,18,701.8199999999998,15
15246,239,4,52.800000000000004,4
15247,123,1,81.6,1
15249,32,72,1327.1599999999999,65
15251,10,29,3027.21,27
15252,37,10,166.49,10
15253,17,15,248.24999999999994,15
15254,128,6,116.03,6
15255,67,13,242.06000000000003,13
15257,284,3,92.05,3
15258,169,8,127.45,7
15260,143,6,129.1,6
15261,136,1,17.4,1
15263,107,4,44.82000000000001,4
15264,65,3,50.550000000000004,3
15265,152,17,313.74,17
15266,339,1,17.85,1
15267,183,2,550.8,2
15269,24,1,118.80000000000001,1
15270,16,9,263.75,8
15271,8,59,521.3399999999999,55
15272,58,13,132.54,13
15274,5,8,108.25999999999999,8
15275,38,9,146.73000000000002,9
15276,67,12,22.17,12
15277,47,3,35.34,3
15279,355,2,35.2,2
15280,173,4,23.32,4
15281,59,39,674.54,38
15286,50,1,66.4,1
15287,23,6,111.15,5
15288,44,15,465.68,15
15289,30,12,188.07,12
15290,5,44,1701.8000000000002,36
15291,26,18,571.7799999999999,17
15292,202,5,40.75,5
15296,51,45,768.3299999999999,42
15297,11,8,141.42000000000002,8
15298,3,34,1558.1799999999998,28
15300,65,3,48.5,3
15301,51,43,774.7099999999999,39
15303,291,4,65.8,4
15304,61,5,176.5,4
15306,65,13,243.0,13
15307,96,1,14.850000000000001,1
15308,275,3,60.6,3
15311,1,447,11758.489999999983,275
15312,76,6,128.24,6
15314,200,5,70.08,5
15315,65,6,91.38,6
15316,327,1,165.0,1
15318,4,5,36.96,5
15319,284,1,17.700000000000003,1
15320,45,7,55.55,7
15321,71,20,611.7000000000002,20
15322,86,9,160.83999999999997,9
15325,104,15,61.25999999999999,15
15326,334,6,60.779999999999994,6
15327,53,1,10.2,1
15329,40,15,213.68,15
15330,61,1,69.6,1
15333,209,3,378.53999999999996,3
15334,157,22,63.34999999999999,21
15335,54,6,17.9,6
15339,67,15,103.57,15
15341,81,4,517.36,4
15342,130,7,103.19999999999999,7
15343,88,6,109.2,6
15344,33,5,107.56,5
15345,46,1,29.9,1
15346,333,3,47.10000000000001,3
15348,73,1,15.0,1
15349,159,12,67.76,11
15351,13,38,326.1300000000001,35
15353,255,8,59.900000000000006,8
15355,30,2,55.6,2
15356,32,103,530.09,84
15358,5,105,1725.9399999999996,91
15360,40,2,49.6,2
15361,362,3,253.32,3
15364,96,5,89.56000000000002,5
15365,26,19,430.5800000000001,19
15366,76,12,166.44,12
15367,58,14,369.12,14
15368,22,1,279.24,1
15370,72,19,463.45,19
15372,138,6,449.55999999999995,6
15373,9,23,425.06999999999994,21
15376,41,24,314.19,21
15379,170,45,867.5199999999996,44
15380,9,7,198.20000000000002,7
15382,15,62,1337.9600000000005,60
15384,170,7,103.99000000000001,7
15385,41,1,10.2,1
15386,187,3,35.28,3
15392,5,19,393.58,19
15393,282,3,43.2,3
15394,10,12,354.71999999999997,12
15395,326,2,31.85,2
15396,113,6,101.28,6
15397,290,1,14.850000000000001,1
15398,17,12,239.34000000000003,12
15399,2,12,186.22,12
15400,129,2,105.4,2
15402,149,6,68.5,6
15405,190,2,15.440000000000001,2
15406,32,13,91.3,13
15407,34,28,329.27,28
15408,265,10,110.75,10
15410,85,25,633.1500000000002,18
15411,27,23,321.45000000000005,21
15412,172,1,11.8,1
15414,10,5,96.58,5
15415,314,12,158.35000000000002,12
15416,65,28,552.7900000000001,27
15417,86,6,111.0,6
15419,25,2,34.4,2
15421,59,6,112.1,6
15422,324,1,15.299999999999999,1
15424,255,3,49.56,3
15426,20,38,183.03000000000003,36
15427,34,49,213.14999999999995,47
15428,16,3,46.620000000000005,3
15429,27,14,104.09000000000002,14
15432,24,2,40.2,2
15433,268,4,55.56,4
15434,9,6,141.5,6
15435,23,6,35.74999999999999,6
15436,13,69,231.13000000000002,66
15437,263,11,56.43000000000001,11
15438,132,3,26.299999999999997,3
15440,55,14,56.44,14
15443,2,87,771.3,72
15444,10,53,334.65000000000003,48
15445,265,1,25.5,1
15447,331,2,28.52,2
15448,313,6,96.2,6
15449,27,12,211.42999999999998,10
15450,31,2,25.4,2
15452,30,14,172.77000000000004,14
15453,2,67,278.2899999999999,61
15454,363,7,48.55,7
15456,284,12,70.84,11
15457,263,9,32.97,9
15458,26,1,23.4,1
15460,355,6,17.549999999999997,6
15462,95,1,19.799999999999997,1
15463,30,2,45.8,2
15464,339,33,177.55,33
15465,83,16,896.7499999999999,13
15466,86,11,45.25000000000001,11
15467,10,9,97.98,9
15468,52,5,95.75,5
15469,51,3,75.6,3
15471,3,13,53.449999999999996,13
15472,114,15,59.8,15
15473,15,2,306.0,1
15475,78,6,98.61000000000001,6
15478,41,12,230.68999999999997,12
15482,16,17,1770.2,15
15483,162,22,52.839999999999996,21
15484,2,36,760.8399999999999,34
15485,31,10,177.67,10
15489,23,15,435.46,14
15491,101,32,595.54,29
15492,75,7,122.32,7
15493,33,49,320.50999999999993,48
15494,22,27,322.28000000000003,27
15497,18,4,288.6,3
15498,3,99,2621.0299999999997,92
15500,9,18,330.0,18
15502,16,30,1135.3299999999997,29
15503,363,14,41.6,14
15504,82,4,16.9,4
15505,53,21,972.8600000000001,20
15506,23,33,221.00000000000003,31
15507,172,12,146.47,12
15508,190,21,281.84,21
15511,12,34,230.18999999999997,30
15512,360,1,15.299999999999999,1
15513,34,73,3305.5100000000007,63
15514,13,39,1022.4899999999999,32
15516,47,4,9.9,4
15517,234,8,95.78000000000002,8
15518,65,46,411.7699999999999,42
15520,2,4,64.38,4
15521,41,31,387.12999999999994,29
15522,33,9,45.86,9
15523,85,3,252.50000000000003,3
15525,3,21,107.46999999999998,21
15527,19,31,661.54,28
15528,255,8,123.61000000000001,8
15529,23,133,700.5699999999995,122
15530,22,21,326.0,21
15531,9,55,491.74000000000007,53
15532,26,43,332.22999999999996,41
15533,20,18,163.36,17
15535,174,24,168.38999999999996,22
15537,164,3,7.5,3
15539,8,9,119.87,9
15540,12,3,37.650000000000006,3
15541,115,6,23.73,6
15543,289,9,38.5,9
15544,10,48,647.1,41
15545,55,13,38.879999999999995,13
15547,8,138,1077.1000000000008,123
15549,158,21,330.85,20
15550,5,13,127.95,10
15551,37,5,101.0,5
15552,218,4,7.78,4
15553,61,8,70.53,8
15554,278,2,25.2,2
15555,13,174,851.3299999999999,122
15556,25,5,79.08,5
15557,29,5,118.26,5
15561,12,4,65.46000000000001,4
15563,23,21,312.29,18
15565,71,1,16.5,1
15567,19,1,24.96,1
15568,3,10,126.91,10
15569,104,5,552.98,4
15570,11,62,842.89,59
15571,12,12,186.63000000000002,12
15572,5,41,591.49,37
15573,32,19,127.43000000000002,17
15574,178,7,47.07,7
15576,38,10,134.29999999999998,10
15577,152,10,65.77000000000001,10
15579,69,9,62.71,9
15581,157,35,147.32000000000002,35
15582,221,5,63.480000000000004,5
15584,24,18,88.55,17
15585,177,7,121.24999999999999,7
15587,51,2,111.96,2
15589,256,6,90.10000000000001,6
15592,47,5,94.74000000000001,5
15593,71,1,71.4,1
15594,31,22,378.82,22
15596,215,11,223.0,10
15597,36,3,32.160000000000004,3
15598,54,3,63.06,3
15599,27,10,136.33,10
15601,12,69,1102.12,64
15602,9,11,305.22,8
15604,53,2,36.52,2
15605,37,8,134.3,8
15606,62,18,687.63,14
15607,337,5,54.76,5
15608,29,11,271.78,11
15609,185,6,112.68,6
15610,52,3,53.14,3
15611,10,7,197.85,6
15612,37,3,124.1,2
15615,11,80,2145.8,67
15618,33,11,165.951,11
15620,57,13,186.9,13
15621,5,3,198.72,3
15622,44,45,925.82,44
15623,142,4,60.129999999999995,4
15624,136,6,88.53,6
15625,104,14,314.1,14
15626,75,11,139.48000000000002,11
15628,5,26,477.0,24
15630,46,12,212.74,12
15632,16,32,624.4,30
15634,18,4,65.7,4
15636,90,4,117.0,4
15637,53,2,36.900000000000006,2
15639,135,2,15.120000000000001,2
15640,5,91,2297.7,79
15641,106,10,177.4,10
15643,283,5,76.69999999999999,5
15644,167,46,147.33999999999997,42
15645,19,12,138.21,12
15646,247,2,28.200000000000003,2
15648,205,7,199.3,7
15651,37,8,154.86,8
15652,92,6,102.80000000000001,6
15653,93,2,432.11999999999995,2
15654,10,4,103.56,4
15655,244,8,123.71000000000001,8
15656,46,16,253.3,16
15657,23,1,30.0,1
15658,198,6,109.2,6
15659,44,2,45.0,2
15660,26,21,372.34,19
15661,318,1,6.6000000000000005,1
15663,107,2,29.04,2
15664,51,2,33.36,2
15665,169,21,415.47,19
15667,40,3,70.56,3
15669,104,5,151.02,5
15670,297,7,106.50000000000001,7
15671,26,8,299.46,8
15673,89,44,799.27,36
15674,74,23,371.86999999999995,20
15675,156,3,29.72,3
15676,19,46,824.4599999999999,46
15677,50,12,240.14999999999998,12
15678,53,2,36.0,2
15679,25,29,156.06,29
15680,10,8,121.62999999999998,8
15681,26,8,178.04,8
15683,118,1,17.4,1
15687,9,34,634.0499999999998,29
15689,362,2,45.599999999999994,2
15690,5,4,46.199999999999996,4
15692,29,2,37.199999999999996,2
15694,26,10,451.89,9
15695,267,3,81.44999999999999,3
15696,34,26,403.94,25
15699,18,3,50.379999999999995,3
15700,173,11,104.39,11
15701,3,44,228.64999999999995,41
15704,141,26,462.35999999999996,25
15705,202,2,75.9,2
15706,65,7,159.35,7
15707,36,42,170.42000000000002,35
15708,41,49,557.7999999999998,36
15709,284,2,36.8,2
15712,10,10,174.89999999999998,7
15713,144,1,53.1,1
15714,12,3,10.75,3
15716,146,13,70.21,13
15717,235,1,19.8,1
15719,33,175,1033.0800000000002,126
15720,25,32,198.04999999999998,32
15721,12,23,186.96000000000004,22
15722,36,15,429.75000000000006,14
15723,365,8,20.55,8
15724,285,1,23.4,1
15725,16,10,130.42999999999998,10
15727,17,68,1324.6800000000007,61
15729,213,1,15.0,1
15730,66,17,304.76,17
15732,213,3,51.00000000000001,3
15733,283,3,42.8,3
15734,115,4,57.0,4
15737,15,13,233.95,12
15738,19,35,976.69,27
15739,67,3,103.6,3
15740,50,1,24.900000000000002,1
15743,17,24,167.73,21
15745,20,13,201.20999999999998,13
15746,135,5,42.480000000000004,5
15747,13,17,207.16000000000005,16
15748,41,3,31.75,3
15749,236,3,13698.5,2
15750,3,51,417.84999999999997,48
15752,40,72,428.15000000000003,63
15754,52,7,105.33000000000001,6
15755,11,27,465.07,27
15756,62,34,90.83000000000001,34
15757,66,10,178.09999999999997,10
15758,25,1,29.700000000000003,1
15759,359,1,5.04,1
15762,66,11,151.49,11
15763,32,15,244.98999999999998,15
15764,89,45,794.6299999999999,45
15766,65,1,15.0,1
15768,204,6,71.5,6
15769,8,27,10867.380000000001,14
15773,6,2,18.4,2
15774,69,5,75.0,5
15775,246,1,17.700000000000003,1
15776,134,5,69.82,5
15777,242,5,296.85,4
15780,243,9,160.1,9
15781,26,3,55.699999999999996,3
15782,10,9,481.22,8
15783,11,1,19.8,1
15785,33,19,449.0200000000001,18
15786,47,61,1195.53,61
15787,27,39,144.45000000000002,38
15789,359,5,56.94,5
15790,11,7,37.14,7
15791,44,10,244.70000000000002,9
15793,40,2,93.36000000000001,2
15795,150,12,198.37,12
15796,2,33,624.5300000000002,28
15797,305,1,244.79999999999998,1
15799,76,18,140.59,18
15800,108,26,181.64,26
15801,47,13,194.58999999999997,13
15803,52,2,119.54,2
15804,1,34,501.4100000000001,32
15805,24,68,1173.3200000000004,62
15806,47,4,139.85,4
15807,51,12,253.57999999999998,12
15808,307,25,441.25,24
15809,37,7,102.28999999999999,7
15810,171,16,253.70000000000005,16
15811,23,29,470.8900000000001,28
15812,108,11,479.2,11
15813,208,7,207.99999999999997,7
15814,17,15,492.51000000000005,14
15815,64,5,268.02,5
15819,50,24,318.57,24
15820,320,2,15.9,2
15821,45,12,93.25,12
15822,4,8,317.0,8
15825,173,5,59.22,5
15826,57,13,331.34000000000003,13
15827,74,23,390.91,22
15829,100,13,177.17999999999998,13
15830,38,4,53.36,4
15831,59,16,195.01000000000002,15
15832,255,12,179.79999999999998,12
15834,71,64,527.1799999999998,61
15835,45,12,205.48,12
15836,51,2,29.75,2
15837,65,5,85.5,5
15838,12,40,5408.04,28
15839,34,16,277.1,16
15840,59,5,72.36,5
15841,73,4,80.94,4
15843,304,3,43.2,3
15844,47,1,10.2,1
15845,18,25,703.4300000000001,23
15847,39,4,53.1,4
15850,20,23,55.96,22
15852,198,4,11.57,4
15853,52,6,21.22,6
15854,5,23,367.19999999999993,19
15855,137,13,142.29999999999998,13
15856,5,124,3059.129999999999,96
15857,19,5,140.1,5
15858,16,34,196.54999999999995,32
15860,41,26,184.46999999999997,23
15861,13,100,528.4700000000001,89
15862,9,17,105.92000000000002,17
15863,26,3,21.4,3
15864,27,4,398.2800000000001,4
15865,41,7,116.9,7
15866,102,11,71.47000000000001,11
15867,6,95,919.5999999999999,82
15869,278,4,63.88999999999999,4
15870,33,24,148.94,23
15872,15,24,70.94999999999999,23
15874,64,25,1259.52,25
15877,2,29,105.09,29
15881,313,7,88.85000000000001,6
15882,199,1,5.9,1
15883,3,15,74.73,15
15885,94,1,17.700000000000003,1
15886,61,3,32.35,3
15888,81,2,14.07,2
15889,157,4,10.94,4
15891,227,11,112.78,11
15895,150,3,14.33,3
15897,195,6,26.65,5
15898,2,4,81.55,4
15900,24,6,30.279999999999998,6
15901,17,20,63.99,20
15903,10,17,1038.4800000000002,15
15904,9,9,36.959999999999994,9
15906,20,36,393.33,33
15907,4,47,238.41,45
15909,174,1,19.799999999999997,1
15910,1,52,206.55999999999997,50
15912,234,2,43.35,2
15916,17,31,311.07999999999987,29
15917,248,2,14.750000000000002,2
15918,191,5,34.550000000000004,5
15919,20,23,82.49000000000001,23
15920,155,11,22.880000000000003,10
15921,173,4,40.97,4
15925,195,2,22.400000000000002,2
15930,68,4,75.8,4
15932,5,16,300.02,15
15933,22,12,176.90000000000003,12
15935,240,4,323.94,4
15937,65,1,19.799999999999997,1
15939,135,13,1160.08,12
15942,134,2,57.7,2
15944,277,1,17.700000000000003,1
15947,83,7,301.96,7
15948,9,13,190.89,12
15949,17,4,67.64,4
15950,32,22,339.99000000000007,21
15951,9,10,154.25,10
15952,34,14,119.41,13
15953,16,16,264.81,15
15955,25,28,931.2099999999999,27
15957,32,8,42.97000000000001,8
15958,75,1,3.95,1
15963,20,7,111.56,7
15965,18,28,199.49000000000004,25
15967,24,17,63.949999999999996,17
15969,3,1,39.8,1
15970,304,2,33.0,2
15971,53,5,383.7,4
15974,40,41,717.5900000000001,39
15975,85,7,103.65,7
15976,166,26,89.25999999999999,25
15977,18,9,87.41000000000001,9
15978,78,6,132.28,6
15980,89,7,412.87,7
15981,25,22,614.5,20
15983,23,13,106.52999999999999,13
15984,3,46,398.71999999999986,43
15985,124,6,288.6,6
15986,31,2,29.999999999999996,2
15987,13,21,104.59,19
15988,20,3,34.7,3
15990,45,14,180.88,14
15992,4,1,13.52,1
15993,9,119,599.8899999999999,107
15994,55,7,107.14999999999999,7
15996,89,17,114.88000000000004,17
15998,37,115,733.42,107
16000,3,2,2771.3999999999996,2
16003,30,19,511.83000000000004,19
16005,13,41,99.64000000000001,40
16006,212,1,23.099999999999998,1
16007,48,82,384.52,71
16008,24,8,97.30000000000001,8
16009,33,18,201.21,17
16010,246,10,30.850000000000005,9
16011,9,43,680.8999999999997,29
16012,36,9,113.78999999999999,9
16013,8,37,8886.72,21
16014,153,31,136.86000000000004,30
16015,4,29,96.26,29
16016,4,29,213.17999999999998,26
16017,48,3,12.0,3
16018,40,8,170.97,8
16019,47,32,816.5900000000001,32
16020,17,11,206.29000000000005,11
16022,261,14,110.58,14
16023,47,12,51.14,12
16024,13,16,79.81,16
16025,30,5,84.9,5
16026,44,6,42.36,6
16027,138,3,176.25,2
16029,45,28,14748.47,18
16030,310,6,77.2,6
16031,93,25,98.70999999999998,24
16033,6,244,1933.6100000000001,198
16034,209,4,76.35,4
16036,88,10,162.09,10
16037,270,7,270.70000000000005,7
16038,8,7,171.50000000000003,6
16040,66,18,436.15,17
16041,142,1,208.79999999999998,1
16042,23,14,211.93,13
16043,38,8,130.7,7
16045,120,21,358.96,20
16049,41,59,181.09,56
16050,174,2,32.519999999999996,2
16052,55,6,60.5,6
16053,33,11,171.13000000000002,11
16054,146,10,98.98,10
16055,221,3,60.65,3
16056,46,16,166.07999999999998,16
16057,17,31,574.4,31
16059,72,26,200.25000000000006,25
16062,10,15,298.94,13
16063,261,4,57.10000000000001,4
16066,17,18,185.62,17
16070,23,5,164.70000000000002,5
16071,45,4,58.540000000000006,4
16072,289,4,162.85,4
16076,4,28,524.97,24
16079,17,9,533.88,8
16080,82,1,41.6,1
16081,57,40,476.8899999999999,39
16083,101,3,235.79999999999995,3
16084,300,13,194.25,13
16085,24,34,236.17000000000002,31
16086,60,5,120.64,5
16091,155,1,15.0,1
16092,115,9,146.39999999999998,8
16093,107,1,17.0,1
16094,12,14,224.62,13
16096,265,3,64.98,3
16097,241,3,55.3,3
16098,88,13,390.45000000000005,12
16099,138,6,109.50000000000001,6
16101,71,16,266.98,16
16102,43,15,423.36,14
16103,8,9,238.54,7
16104,62,4,73.9,4
16105,249,1,20.4,1
16106,66,2,28.28,2
16107,104,4,392.40000000000003,4
16108,85,14,279.00000000000006,14
16109,219,3,47.64,3
16110,46,71,312.14000000000004,67
16112,334,1,4.5600000000000005,1
16113,184,7,44.199999999999996,7
16114,171,2,34.650000000000006,2
16115,10,60,352.3,54
16116,212,7,167.82,7
16117,190,3,23.729999999999997,3
16119,9,3,80.4,3
16120,60,4,248.48000000000002,4
16121,58,44,204.67000000000004,41
16122,113,5,72.72,5
16123,52,2,30.0,2
16124,318,1,33.9,1
16126,30,19,1079.75,18
16127,40,13,202.48000000000002,13
16128,18,19,373.66,18
16131,52,12,616.52,12
16133,4,57,1716.1499999999999,54
16134,22,4,63.3,4
16135,263,4,61.95,4
16136,60,12,186.66000000000003,11
16139,19,6,87.7,5
16140,66,6,78.98,6
16141,89,6,117.49,6
16142,250,10,160.38,10
16143,4,17,266.6,16
16145,9,47,743.1300000000001,42
16146,204,7,135.49,7
16147,134,3,55.5,3
16148,297,1,76.32000000000001,1
16149,5,3,48.8,3
16150,43,16,298.50000000000006,15
16152,269,3,193.5,3
16153,50,20,367.28999999999996,20
16156,9,23,503.99,22
16157,16,5,132.15,5
16159,282,2,45.0,2
16160,86,3,86.94,3
16161,2,85,1034.95,77
16163,233,1,415.00000000000006,1
16164,18,7,259.76,7
16168,34,19,979.16,19
16169,9,18,363.0199999999999,17
16170,51,14,174.82000000000002,14
16172,96,13,206.12,12
16173,16,21,360.58000000000004,18
16174,127,8,565.95,8
16175,95,9,159.90999999999997,9
16177,51,2,34.8,2
16178,139,2,48.0,2
16179,61,1,20.28,1
16180,101,40,1966.55,32
16181,74,1,19.8,1
16182,73,3,556.8,3
16183,68,5,107.13,5
16184,65,8,196.24,7
16185,17,8,114.45,8
16186,23,38,697.9199999999998,28
16187,32,62,1435.3700000000001,51
16188,45,15,170.86,14
16189,16,2,29.95,2
16190,41,1,89.85,1
16191,3,34,1645.3400000000001,27
16193,237,1,15.0,1
16198,76,4,117.30000000000001,4
16200,5,23,124.0,22
16201,4,17,281.6,17
16202,361,3,30.119999999999997,3
16203,59,4,68.4,4
16204,24,9,66.75,8
16205,31,21,196.11999999999995,21
16206,55,14,88.26,14
16207,26,3,46.9,3
16208,45,11,84.96,10
16209,89,10,1486.7700000000002,10
16210,2,18,1582.18,17
16211,89,3,37.6,3
16212,20,10,189.29999999999995,10
16213,79,2,27.6,2
16214,171,8,147.72,7
16215,81,3,60.900000000000006,3
16216,268,8,157.63000000000002,8
16217,236,2,30.650000000000002,2
16218,30,16,753.4199999999998,13
16221,37,14,87.50000000000001,13
16222,319,27,175.25,26
16224,58,18,269.88000000000005,18
16225,150,26,162.19,26
16226,208,3,148.5,3
16229,88,10,278.26,10
16230,190,6,94.7,6
16232,44,7,145.0,7
16233,72,2,39.84,2
16235,41,8,198.33999999999997,8
16236,79,2,30.759999999999998,2
16239,190,2,90.6,2
16240,25,23,764.1199999999999,23
16241,10,135,467.70999999999987,110
16242,9,58,784.98,52
16243,34,13,155.83999999999997,13
16244,212,6,105.9,6
16245,24,19,270.15999999999997,19
16247,171,3,24.810000000000002,3
16248,62,1,17.700000000000003,1
16249,53,14,316.45000000000005,14
16250,262,2,35.4,2
16253,67,28,863.9900000000002,28
16255,17,50,444.3500000000001,45
16256,267,4,204.3,4
16257,177,1,21.95,1
16258,46,27,978.1699999999998,25
16260,51,6,386.15,6
16261,18,23,125.98000000000002,20
16265,10,55,1165.8899999999999,48
16266,74,17,178.97,16
16268,72,11,203.44000000000003,11
16270,354,15,271.0,15
16271,16,25,218.37,24
16272,117,5,85.44999999999999,5
16275,197,9,148.01,9
16276,177,2,117.0,2
16278,101,4,67.9,4
16279,22,19,252.31000000000003,19
16281,73,3,544.6800000000001,3
16282,340,2,12.7,2
16283,6,44,388.97,41
16284,32,19,162.80000000000004,19
16292,122,5,74.78,5
16293,22,26,438.65000000000003,26
16295,25,8,131.65,8
16297,269,3,45.5,3
16298,23,9,163.24,9
16302,127,4,66.72,4
16303,26,27,767.66,26
16305,139,7,130.6,7
16306,302,8,136.37,7
16309,107,10,174.52,10
16311,18,9,145.59000000000003,8
16313,50,3,51.900000000000006,3
16315,331,3,40.8,3
16316,65,30,758.5500000000001,28
16317,120,13,255.51000000000002,13
16318,36,1,17.700000000000003,1
16322,2,6,59.32,6
16323,197,1,207.50000000000003,1
16324,129,24,76.87000000000003,24
16325,47,4,118.50000000000001,4
16326,6,64,647.84,51
16327,15,55,704.3700000000001,47
16330,18,10,42.33,10
16332,29,31,337.5299999999999,30
16333,8,12,8417.36,5
16337,37,3,49.65,3
16338,158,1,11.9,1
16339,285,5,29.3,5
16340,108,46,160.04999999999998,43
16341,25,13,255.85,12
16342,76,3,69.15,3
16343,17,5,49.76,4
16344,159,2,101.10000000000001,1
16345,45,7,111.80000000000001,7
16347,12,17,147.32999999999998,15
16348,33,49,274.14,45
16349,291,4,15.379999999999999,4
16350,22,10,178.2,9
16351,333,1,19.5,1
16352,18,5,80.6,5
16353,8,20,1494.9499999999998,16
16354,74,10,112.50000000000001,10
16356,198,6,44.71000000000001,5
16357,34,8,152.07,8
16358,2,18,400.02000000000004,17
16359,95,15,258.85,14
16360,5,134,726.4099999999996,116
16361,10,19,130.00000000000003,18
16362,33,9,91.0,9
16363,54,1,15.0,1
16364,12,14,196.91,13
16365,18,12,562.8500000000001,12
16366,19,2,35.400000000000006,2
16367,38,26,192.68,25
16368,3,18,109.45000000000002,17
16369,19,30,350.2999999999999,26
16370,83,48,270.97999999999996,44
16372,34,17,65.55000000000001,17
16374,67,24,77.64000000000001,24
16376,9,26,213.62,25
16377,268,1,390.0,1
16378,297,7,106.4,7
16379,5,20,402.36,20
16380,62,5,238.15,5
16383,75,17,103.3,16
16384,264,5,80.25,5
16385,61,7,70.34,6
16386,29,13,43.230000000000004,13
16389,54,8,255.7,8
16392,270,14,90.11999999999999,14
16393,3,60,502.34000000000003,48
16394,57,18,339.7700000000001,17
16395,61,47,335.05000000000007,43
16398,155,12,215.75,12
16399,20,13,81.3,13
16400,95,5,50.88,5
16401,2,47,1199.97,33
16403,313,1,15.0,1
16404,71,6,126.85000000000001,6
16406,19,14,48.32000000000001,13
16407,13,26,367.0,22
16409,37,36,327.24,32
16411,20,7,25.660000000000004,7
16412,54,4,26.3,4
16413,57,6,61.64999999999999,6
16414,22,3,52.4,3
16415,45,10,16.13,9
16416,27,17,349.72,16
16418,45,27,119.76,24
16419,129,10,238.55,9
16422,18,75,6592.329999999999,37
16423,25,2,77.34,2
16424,192,1,15.9,1
16425,303,2,30.6,2
16426,3,73,358.6199999999999,60
16427,264,2,40.08,2
16429,107,2,284.55,2
16431,214,13,95.38000000000001,13
16432,65,1,19.919999999999998,1
16433,29,5,40.6,5
16434,30,24,334.92,23
16438,6,15,71.63,14
16440,8,51,550.5000000000001,48
16441,68,5,80.3,5
16442,2,29,76.62000000000002,29
16444,47,19,108.00000000000001,19
16445,34,11,46.26,11
16446,206,1,1.25,1
16447,136,7,72.35000000000001,6
16448,199,2,20.64,2
16449,198,8,137.84,8
16450,150,3,66.06,3
16451,88,7,126.32000000000001,7
16454,45,1,1.0,1
16455,64,16,296.45,15
16456,100,23,288.53999999999996,22
16457,219,1,17.700000000000003,1
16458,3,39,699.5699999999999,25
16460,29,20,108.71000000000001,20
16461,178,5,26.749999999999996,5
16462,74,1,68.0,1
16463,22,15,252.59000000000003,14
16464,20,51,341.71999999999986,47
16466,34,36,384.90999999999997,34
16468,75,2,74.9,2
16469,24,38,143.82000000000002,35
16470,52,43,267.48,38
16471,275,2,36.2,2
16473,165,3,51.0,3
16474,8,65,336.62000000000006,59
16475,89,5,167.1,5
16477,64,30,503.7000000000001,28
16478,26,4,67.98,4
16479,11,8,59.63,8
16480,76,16,203.26,15
16482,16,4,48.42,4
16483,193,6,58.55,6
16484,191,5,71.7,5
16485,78,9,63.220000000000006,9
16488,34,4,72.88000000000001,4
16491,47,11,264.5,11
16493,80,18,454.93,17
16494,297,12,188.16000000000003,12
16495,4,19,118.81,19
16496,9,21,352.85,20
16497,50,17,343.44000000000005,17
16498,162,4,19.8,4
16499,361,7,122.60000000000001,7
16500,331,1,165.0,1
16503,107,17,302.1000000000001,17
16504,26,17,120.68,17
16506,41,1,19.799999999999997,1
16509,297,5,117.55000000000001,5
16511,22,43,251.50000000000003,42
16513,20,5,106.1,5
16515,53,25,316.55,24
16516,31,1,15.6,1
16517,278,4,33.0,4
16518,62,8,150.58,8
16519,26,1,25.0,1
16520,187,10,63.85,10
16523,2,55,1698.6399999999992,40
16525,38,27,2205.2400000000002,26
16526,172,1,10.0,1
16527,82,3,61.400000000000006,3
16528,4,2,23.520000000000003,2
16529,191,3,40.800000000000004,3
16531,23,16,276.61,16
16532,18,1,2232.0,1
16533,20,42,264.7,38
16535,6,6,79.58,6
16536,111,11,107.80000000000001,11
16539,3,8,327.21,7
16542,54,3,79.89999999999999,3
16546,291,3,70.2,3
16549,11,191,767.7400000000002,147
16550,109,42,334.04999999999995,38
16551,96,8,169.50000000000003,8
16552,243,1,17.700000000000003,1
16553,164,15,931.0,13
16554,43,14,224.04999999999998,14
16555,36,3,37.86,3
16556,67,35,510.5699999999998,32
16557,138,1,12.5,1
16558,1,84,1738.5900000000001,76
16560,27,11,141.97,11
16561,6,5,76.22,5
16563,54,4,341.82,4
16565,365,2,155.85,2
16566,193,1,29.7,1
16567,195,8,155.60999999999999,8
16569,4,1,10.5,1
16570,16,23,807.65,20
16571,27,13,214.61999999999998,13
16572,128,7,137.55,7
16573,85,9,118.35,9
16574,72,6,121.79999999999998,6
16581,183,1,10.2,1
16582,114,2,180.12,2
16584,81,2,44.760000000000005,2
16586,249,3,178.2,3
16587,233,5,90.15,5
16589,72,5,74.9,5
16591,69,2,44.550000000000004,2
16592,5,44,826.25,41
16593,51,4,63.15,4
16594,76,12,44.44,12
16595,62,25,91.83999999999997,25
16596,16,1,16.6,1
16597,5,3,63.5,3
16598,286,2,21.599999999999998,2
16600,5,15,204.78000000000003,13
16601,41,8,58.410000000000004,8
16602,37,9,148.20000000000002,9
16603,75,9,133.25,9
16607,18,28,473.44,26
16609,16,45,871.0500000000001,42
16610,220,1,9.959999999999999,1
16611,187,2,17.54,2
16612,33,12,208.20000000000005,11
16613,71,9,170.2,9
16614,183,3,52.08,3
16616,16,2,60.400000000000006,2
16617,236,2,68.7,2
16618,32,25,779.3099999999998,24
16620,4,2,40.3,2
16621,52,7,152.05,7
16624,81,8,190.44,7
16625,275,4,55.44,4
16626,1,43,883.6800000000001,36
16627,80,4,47.19,4
16628,30,17,274.94,15
16629,74,21,153.74999999999997,21
16633,18,26,519.4399999999999,24
16637,33,19,290.44999999999993,19
16638,100,20,308.3,20
16639,32,16,483.45,16
16641,106,4,88.34,4
16642,5,9,164.04,8
16643,246,7,117.01,7
16644,178,14,181.94,14
16647,170,6,74.04,6
16648,43,2,29.999999999999996,2
16650,72,3,60.599999999999994,3
16652,59,21,1071.29,16
16653,17,9,199.70000000000002,9
16654,142,8,126.91,8
16655,18,54,707.1399999999998,50
16656,43,12,1889.16,5
16657,10,37,137.27,35
16659,190,1,20.4,1
16660,17,6,731.9,6
16665,363,3,23.4,3
16666,20,9,54.21,9
16667,69,14,146.13000000000002,14
16668,16,2,30.599999999999998,2
16669,24,38,392.33000000000004,35
16670,31,57,896.17,50
16672,3,20,1149.5,14
16674,55,16,46.489999999999995,16
16676,34,21,362.54,21
16678,3,35,773.5199999999999,31
16680,44,3,56.9,3
16681,78,6,171.42,5
16682,5,11,469.19999999999993,10
16684,5,57,14708.959999999997,48
16685,62,14,65.38000000000001,14
16686,48,118,637.1099999999999,113
16688,2,12,222.72,12
16689,76,2,53.64000000000001,2
16690,73,5,69.93,5
16692,257,2,158.5,2
16693,69,13,101.6,13
16696,214,2,213.3,2
16697,242,1,8.25,1
16698,254,1,204.0,1
16700,9,59,946.0,45
16701,9,29,1000.3099999999998,25
16705,1,47,2294.3399999999992,39
16706,38,18,72.62,18
16708,46,10,183.0,10
16709,85,16,538.5,16
16710,20,71,420.53999999999985,64
16711,27,4,256.08,4
16712,19,69,570.25,64
16713,19,115,1308.1199999999994,100
16714,318,19,170.8,19
16715,79,1,3.8,1
16716,267,1,166.8,1
16717,24,35,690.3700000000001,34
16719,15,33,268.18,26
16720,27,4,21.25,4
16721,263,7,87.82000000000001,7
16722,18,34,823.98,28
16723,108,5,87.35000000000001,5
16725,303,29,147.37,26
16726,27,30,249.06999999999996,28
16727,365,4,28.85,3
16728,47,50,172.04999999999998,49
16729,39,130,1462.8099999999997,82
16730,53,18,123.87000000000002,18
16732,32,7,144.12,7
16734,53,10,78.85999999999999,9
16735,79,19,385.79999999999995,18
16739,177,3,86.8,3
16742,47,1,464.9,1
16743,30,42,541.14,32
16744,12,43,189.5,41
16745,87,85,1721.9599999999996,65
16746,5,71,1090.9299999999998,59
16747,38,11,190.87,11
16748,18,15,343.90000000000003,12
16750,45,22,187.32999999999998,20
16751,31,4,177.24,4
16753,59,7,29.450000000000003,7
16755,115,39,325.71,38
16756,215,5,90.9,5
16757,319,2,60.60000000000001,2
16758,66,3,33.15,3
16759,8,7,131.76,7
16761,97,4,85.2,4
16762,20,13,258.02,13
16763,199,4,143.1,4
16764,4,130,535.8399999999999,87
16766,274,8,270.3,8
16767,31,48,982.7200000000003,46
16768,48,12,95.7,12
16769,261,8,77.35,8
16770,58,28,188.45999999999998,26
16771,34,62,527.5299999999999,58
16773,58,5,24.1,4
16774,68,9,126.25,9
16775,58,26,218.79999999999998,21
16776,61,20,116.14999999999998,20
16777,81,14,56.82,14
16778,75,5,71.0,5
16779,3,74,2278.17,57
16780,101,12,86.74,11
16782,18,37,474.74999999999994,30
16788,124,37,128.67,35
16789,9,2,27.5,2
16790,4,16,250.30000000000004,16
16791,30,63,397.9099999999999,57
16792,283,1,5.1,1
16793,58,3,36.46,3
16794,2,44,261.11,41
16796,90,2,34.739999999999995,2
16800,12,41,279.13999999999993,39
16801,164,21,411.6,20
16803,66,3,36.49,3
16804,24,11,81.0,11
16805,174,24,103.4,24
16806,104,21,192.49,19
16807,143,11,177.62,11
16808,100,4,44.099999999999994,4
16809,24,28,174.44999999999993,22
16810,193,5,90.8,5
16811,5,7,117.49,7
16812,361,1,14.850000000000001,1
16813,9,96,436.5199999999999,77
16814,15,47,977.7000000000003,40
16816,150,6,75.1,6
16817,3,12,127.64000000000001,12
16818,11,29,564.16,28
16820,96,5,75.42,5
16823,228,7,75.35000000000001,7
16824,16,4,54.959999999999994,4
16825,39,3,59.4,3
16826,52,6,97.8,6
16828,94,3,47.4,3
16829,157,2,59.400000000000006,2
16830,39,4,63.65,4
16832,218,1,4.95,1
16833,2,9,152.13,9
16834,228,4,70.24,4
16835,129,1,20.8,1
16836,40,2,30.980000000000004,2
16837,32,28,536.14,28
16838,198,3,43.6,3
16839,9,48,2607.4500000000003,38
16841,37,29,532.16,27
16842,101,8,125.03999999999999,8
16843,43,90,2456.859999999999,75
16846,51,1,24.96,1
16847,44,2,26.8,2
16848,53,4,87.9,4
16849,187,3,47.699999999999996,3
16850,334,5,82.5,5
16851,5,4,58.79999999999999,4
16852,177,2,34.85,2
16855,24,3,46.05,3
16856,15,1,17.700000000000003,1
16859,145,12,221.07,12
16863,32,5,135.07999999999998,5
16866,141,2,40.65,2
16869,23,25,148.43,23
16871,23,25,520.24,25
16872,78,1,49.95,1
16873,5,55,1323.2099999999996,50
16875,68,22,399.84999999999997,22
16877,13,21,149.66,20
16878,85,1,2.55,1
16880,31,38,326.13999999999993,36
16881,67,1,432.0,1
16882,67,7,134.04000000000002,7
16883,188,3,16.65,3
16884,38,3,52.96,3
16885,16,21,99.36,20
16887,36,9,52.160000000000004,9
16889,195,25,317.27,25
16891,2,33,132.29000000000002,30
16892,2,20,114.46000000000001,18
16895,65,16,57.419999999999995,16
16897,314,10,66.28,10
16898,27,29,79.78999999999999,29
16899,8,20,158.14999999999998,18
16900,17,23,215.47,23
16902,117,10,606.64,10
16903,30,9,66.89,9
16904,5,138,851.1400000000001,123
16905,6,53,788.1899999999999,44
16906,82,20,182.03999999999996,20
16907,30,27,262.34999999999997,23
16909,73,2,24.36,2
16910,5,90,239.81999999999994,79
16912,29,22,488.59999999999997,21
16913,291,1,1.25,1
16914,37,5,15.100000000000001,5
16915,45,13,61.44,13
16916,24,19,63.53,18
16917,277,3,218.62,3
16918,64,23,223.76000000000002,22
16919,157,67,534.44,51
16921,62,12,50.3,11
16923,13,142,1355.94,105
16924,22,14,149.26999999999998,12
16928,87,30,410.39999999999986,20
16929,4,16,255.65999999999997,15
16930,27,12,47.59,12
16931,6,172,876.2700000000003,145
16932,54,13,28.309999999999995,11
16933,2,9,99.45000000000002,8
16934,55,9,122.45,9
16936,26,16,51.95,15
16938,9,52,426.3100000000002,52
16940,53,55,481.4900000000002,50
16942,13,39,349.93999999999994,38
16943,212,8,204.18,8
16945,22,53,852.7799999999999,43
16947,236,1,15.0,1
16948,139,5,138.6,5
16949,41,9,99.43,9
16950,57,10,244.22000000000003,10
16951,137,10,194.81,10
16952,110,3,26.23,3
16954,17,14,658.4000000000001,14
16955,185,6,118.21000000000001,4
16956,18,1,13.5,1
16957,240,4,79.2,4
16959,88,2,25.799999999999997,2
16960,39,19,81.22000000000001,19
16961,117,4,65.3,4
16963,188,2,32.550000000000004,2
16965,227,6,76.59,6
16966,198,6,329.64,5
16967,190,5,80.7,5
16968,5,7,76.94999999999999,7
16969,40,10,119.42,10
16971,39,5,29.78,5
16976,268,1,175.2,1
16978,78,11,98.53999999999999,11
16979,4,18,559.6099999999999,18
16980,256,14,129.25,14
16982,61,5,86.5,5
16983,13,29,235.37,25
16984,89,98,1088.66,97
16985,18,21,973.0400000000001,18
16986,31,1,62.400000000000006,1
16987,4,28,415.7999999999999,25
16988,6,1,10.2,1
16992,11,21,346.05,21
16996,31,6,226.24,5
16997,289,3,195.0,3
16999,75,2,29.3,2
17001,1,34,722.4499999999999,26
17002,86,13,434.66,11
17004,47,13,386.28000000000003,12
17006,5,12,198.40999999999997,12
17007,51,6,157.47,6
17010,19,1,10.08,1
17011,31,5,87.29999999999998,5
17014,9,16,101.34,15
17015,29,46,404.93,44
17017,3,34,1113.8600000000004,28
17018,41,4,176.1,4
17019,12,37,151.99,35
17022,32,1,6.959999999999999,1
17024,158,1,31.25,1
17025,61,1,90.0,1
17027,79,38,239.01999999999998,37
17030,64,1,2.9,1
17031,12,4,66.6,4
17033,87,7,238.67999999999998,7
17034,17,7,170.07999999999998,7
17035,246,5,73.92000000000002,5
17037,88,13,222.08999999999997,13
17038,31,5,15.149999999999999,5
17040,138,4,56.699999999999996,4
17041,27,14,166.26,14
17042,3,24,264.60999999999996,22
17043,33,20,548.4499999999999,20
17044,26,2,381.6,2
17045,114,4,60.29,4
17046,158,4,154.38,4
17047,86,12,199.79999999999998,12
17048,118,8,188.35000000000002,8
17049,3,55,891.8599999999996,47
17050,97,53,528.96,46
17051,195,9,57.400000000000006,9
17052,29,14,62.489999999999995,14
17053,131,2,90.89999999999999,2
17054,29,14,197.35000000000002,14
17058,82,12,202.49,11
17059,30,80,467.48,69
17060,267,1,17.700000000000003,1
17061,74,22,724.9,21
17062,314,10,70.75,9
17063,22,13,237.98000000000002,13
17064,183,14,151.75,13
17068,13,56,891.4899999999998,43
17069,29,31,546.13,31
17070,115,15,73.41,15
17071,29,32,574.4599999999999,30
17073,18,29,244.16,28
17075,18,18,176.43,17
17076,37,5,123.0,4
17078,37,5,104.24,5
17080,23,1,20.4,1
17081,26,17,57.269999999999996,16
17082,34,14,260.25,14
17083,110,10,258.66,9
17084,36,21,397.24000000000007,21
17085,124,47,437.37999999999994,40
17086,8,23,839.3,21
17088,29,22,394.95,22
17090,89,15,510.15,14
17091,3,38,673.0699999999999,31
17092,51,21,251.47,18
17094,323,1,47.7,1
17095,23,8,94.55,8
17096,16,9,204.58,8
17100,19,12,183.16,12
17101,30,8,332.44000000000005,7
17105,160,14,104.17999999999999,14
17107,34,79,1846.1600000000005,71
17109,33,15,130.94,15
17110,166,6,93.0,6
17111,48,5,57.6,5
17114,6,29,192.74,26
17115,183,4,66.6,4
17117,289,1,6.6000000000000005,1
17118,318,2,22.560000000000002,2
17119,4,11,181.85999999999999,11
17120,234,6,115.05000000000001,6
17123,162,2,69.6,2
17124,186,6,35.13,6
17125,51,8,36.15,7
17126,153,46,199.22999999999993,45
17128,335,4,28.55,4
17131,6,29,584.63,28
17133,16,6,631.95,4
17134,107,3,56.6,3
17135,17,4,77.46,4
17138,276,3,53.5,3
17139,16,105,2423.2700000000013,92
17140,248,5,37.0,5
17142,240,2,54.75,2
17144,2,11,177.98999999999998,11
17146,106,10,165.75000000000003,10
17147,23,14,394.77,12
17148,52,2,24.9,2
17152,195,3,220.1,3
17153,25,2,25.9,2
17154,76,5,63.72,5
17155,18,9,182.20999999999998,8
17157,177,2,39.900000000000006,2
17158,33,9,189.59,7
17159,22,20,274.73,20
17160,32,45,630.2100000000002,36
17162,29,21,360.19000000000005,20
17163,79,1,34.0,1
17164,33,31,545.92,28
17165,285,1,17.700000000000003,1
17166,204,3,31.650000000000002,3
17169,58,12,193.41000000000003,12
17171,290,1,25.5,1
17172,79,3,91.56,3
17173,6,25,1102.5000000000002,19
17174,218,1,10.5,1
17175,45,17,373.9,14
17176,202,2,30.299999999999997,2
17179,179,10,95.4,9
17180,57,32,213.5699999999999,30
17181,58,4,33.2,4
17183,33,13,748.6099999999999,11
17187,227,2,31.599999999999998,2
17188,12,21,484.76,19
17189,107,15,113.44000000000003,14
17190,59,4,70.95000000000002,4
17191,29,29,326.89,27
17193,36,9,413.34,7
17194,361,4,51.92,4
17197,30,6,108.30000000000001,6
17198,24,6,59.559999999999995,6
17201,54,5,12.770000000000001,5
17203,36,27,773.1899999999999,26
17204,176,6,192.45,6
17205,54,1,72.0,1
17211,27,39,449.91,33
17212,254,1,60.0,1
17213,41,36,661.3100000000001,31
17214,61,18,179.4,17
17218,5,52,375.4699999999999,45
17219,32,5,32.0,5
17220,25,90,641.6399999999999,84
17221,8,18,69.86000000000001,18
17222,66,2,19.799999999999997,2
17223,311,4,15.05,4
17226,309,4,85.35,4
17227,19,7,236.35000000000002,7
17228,16,41,377.49000000000007,37
17229,97,9,38.67999999999999,8
17230,265,17,891.42,16
17231,13,122,684.5799999999998,97
17232,3,3,31.73,3
17233,36,2,33.25,2
17234,183,1,3.75,1
17235,26,3,16.44,3
17236,13,21,211.73999999999998,20
17237,12,3,37.91,3
17238,3,110,716.7099999999997,87
17239,313,3,89.5,3
17242,109,5,170.04,5
17243,6,90,1746.3700000000003,69
17244,54,7,117.75000000000001,7
17245,205,1,15.299999999999999,1
17247,16,15,59.22,15
17248,121,16,51.60000000000001,16
17250,4,10,62.89999999999999,9
17251,363,6,52.949999999999996,6
17252,187,16,41.75,16
17253,19,6,64.35,6
17254,5,19,38.5,19
17255,41,20,62.40999999999998,20
17256,108,3,24.4,3
17259,149,8,50.120000000000005,8
17262,228,2,251.1,2
17263,209,3,10.5,3
17265,139,15,73.23000000000002,15
17266,4,18,62.79,16
17267,128,4,14.78,4
17272,47,23,471.48,21
17274,36,2,9.45,2
17277,228,10,113.37,10
17278,242,3,52.98,3
17279,58,3,92.28,3
17282,131,17,592.3600000000001,15
17284,61,56,335.3699999999999,52
17286,22,9,44.949999999999996,9
17287,27,26,189.29000000000002,23
17288,13,20,178.44,18
17289,32,20,150.38000000000002,20
17290,4,19,113.69999999999999,19
17293,31,32,431.85,30
17295,29,13,109.96,13
17297,18,12,18.830000000000002,12
17298,102,9,130.78,9
17299,12,14,123.28,14
17301,22,7,26.5,7
17302,15,19,289.20000000000005,18
17303,362,12,49.720000000000006,12
17306,11,10,1221.9,6
17309,96,4,17.5,4
17311,79,8,267.26,8
17312,156,2,1.7999999999999998,2
17313,32,9,932.34,9
17314,25,18,390.05,18
17315,2,97,1273.0799999999997,78
17317,90,1,76.32000000000001,1
17320,101,11,173.73999999999998,11
17321,68,17,131.31,17
17323,16,48,242.1399999999999,41
17324,22,4,108.26,4
17325,281,2,39.599999999999994,2
17329,15,8,186.43,8
17330,68,1,45.0,1
17333,86,5,80.4,5
17334,309,2,30.240000000000002,2
17337,152,114,413.46,111
17338,18,139,1158.1899999999998,112
17339,95,4,141.96,4
17340,30,70,2169.7700000000004,60
17341,157,5,107.02,5
17343,356,1,1.7399999999999998,1
17344,47,6,22.099999999999998,6
17345,16,21,167.74000000000004,19
17346,4,99,589.8699999999999,87
17348,15,40,193.95,39
17349,180,1,12.75,1
17350,9,19,289.96000000000004,19
17351,37,6,66.95,6
17353,155,2,435.0,2
17354,51,4,434.55999999999995,4
17356,312,1,4.25,1
17357,25,8,51.11,8
17358,304,14,82.89,14
17359,12,5,46.3,4
17360,18,27,104.87000000000002,26
17361,187,3,50.5,3
17362,240,9,102.35000000000001,9
17364,1,68,746.58,61
17365,13,97,1081.1100000000001,87
17367,239,7,44.02,7
17368,24,23,325.46999999999997,22
17370,73,6,93.85999999999999,6
17371,18,18,66.73,18
17372,41,46,226.13000000000008,44
17373,41,7,79.79,7
17374,219,8,141.15000000000003,8
17375,200,15,98.02000000000001,13
17376,71,10,73.3,9
17377,24,78,603.3499999999999,60
17379,12,21,121.44000000000001,19
17381,25,20,3065.4,14
17383,5,16,82.94000000000001,16
17384,20,6,53.029999999999994,6
17385,15,6,70.34,6
17386,8,9,1407.2800000000002,9
17387,20,17,162.37,17
17388,132,4,71.9,4
17389,1,38,4096.219999999999,28
17391,165,1,203.52,1
17392,307,19,127.28,19
17394,220,1,29.7,1
17396,40,5,2242.6,5
17397,23,14,150.82000000000002,14
17398,115,10,164.96,10
17400,127,36,290.58,34
17402,5,8,525.34,7
17403,37,5,26.38,5
17405,2,12,153.19000000000003,12
17406,334,17,435.7,16
17408,164,2,32.65,2
17409,249,5,260.55,5
17410,17,8,130.74,8
17411,76,3,48.5,3
17412,24,15,266.62,14
17414,44,4,756.4,3
17415,80,2,77.19999999999999,2
17416,30,53,1388.71,48
17418,43,7,104.21000000000001,7
17419,12,34,761.3000000000001,32
17420,51,2,41.6,2
17422,17,27,458.91000000000014,27
17423,47,9,273.02,9
17425,61,12,199.60000000000002,12
17426,9,62,1028.95,57
17428,1,73,4117.6900000000005,69
17429,129,8,91.41000000000001,8
17430,33,1,17.700000000000003,1
17431,314,5,37.5,5
17432,19,11,97.19,11
17433,89,11,49.65,11
17434,3,25,373.13000000000005,23
17436,2,3,63.3,3
17438,254,5,119.85000000000001,5
17440,157,1,30.599999999999998,1
17442,37,28,472.12000000000006,27
17446,177,2,26.400000000000002,2
17447,41,7,93.82000000000001,7
17449,3,64,571.8100000000001,56
17450,11,64,36160.84000000001,48
17451,2,20,336.91999999999996,19
17453,18,8,239.54999999999998,8
17454,234,13,81.40000000000002,13
17455,204,1,17.700000000000003,1
17457,127,3,221.95,3
17458,16,17,90.42999999999999,17
17459,44,24,97.50000000000001,23
17460,95,3,64.0,3
17461,23,28,179.89000000000001,28
17462,61,2,27.6,2
17463,17,40,359.1499999999999,40
17464,159,2,86.4,2
17466,11,7,128.15,7
17468,15,1,30.0,1
17469,17,12,261.40000000000003,11
17470,45,14,163.16999999999996,14
17472,192,36,154.38,34
17475,80,2,27.599999999999998,2
17480,78,8,171.33999999999997,8
17481,4,15,208.26000000000002,13
17483,66,4,62.7,4
17486,262,5,74.28,5
17489,59,8,132.04000000000002,8
17490,1,17,590.21,15
17491,2,14,442.2,14
17492,249,3,129.15,3
17495,8,4,66.82,4
17496,359,2,57.150000000000006,2
17498,76,2,41.56,2
17499,290,5,59.46,5
17500,30,1,16.5,1
17501,221,6,87.15,6
17502,10,5,98.10000000000001,5
17503,3,4,36.78,4
17504,207,26,677.68,25
17505,162,10,206.60000000000002,10
17506,76,1,22.5,1
17507,262,16,100.95,16
17509,58,73,1260.53,48
17510,25,1,12.600000000000001,1
17511,3,175,16805.440000000002,147
17512,155,14,452.34999999999997,13
17514,129,5,26.500000000000004,5
17515,32,15,114.49,14
17516,16,29,161.35999999999999,29
17517,309,3,52.2,3
17519,18,12,306.25,12
17520,54,6,107.84,6
17521,30,8,110.96,8
17522,2,12,144.3,11
17523,12,6,80.94,6
17525,360,3,110.10000000000001,3
17526,5,2,102.30000000000001,2
17527,54,10,158.23,10
17528,2,49,825.7199999999999,45
17530,2,49,339.06000000000006,46
17531,191,2,57.0,2
17534,54,1,30.0,1
17535,281,2,25.2,2
17537,30,25,280.8299999999999,25
17538,26,3,23.759999999999998,3
17540,25,5,137.7,4
17542,270,3,14.3,3
17545,44,28,93.23000000000002,27
17548,234,1,16.5,1
17549,24,2,57.18000000000001,2
17550,198,9,50.94,9
17551,360,12,82.2,12
17552,72,3,69.6,3
17553,130,1,1250.0,1
17554,2,13,284.17,10
17555,20,22,124.41000000000001,22
17556,206,1,24.900000000000002,1
17557,15,10,158.04999999999995,10
17560,95,4,157.85,4
17561,20,4,22.63,4
17562,52,12,204.36000000000004,11
17564,25,8,73.1,7
17566,9,32,206.87,31
17567,8,31,753.56,28
17569,333,5,44.599999999999994,5
17571,51,54,306.16999999999985,53
17572,72,1,13.049999999999999,1
17573,30,5,90.22,5
17574,243,3,86.10000000000001,3
17576,9,77,731.28,66
17578,219,1,18.72,1
17579,5,10,127.44,10
17580,253,10,98.16000000000003,10
17581,1,74,1529.5099999999998,63
17582,237,8,87.66000000000001,8
17584,8,10,393.7,10
17585,110,42,224.65000000000003,41
17588,101,2,43.7,2
17589,61,48,459.37999999999977,46
17590,3,37,272.97,36
17591,74,13,252.47000000000003,12
17593,4,35,677.83,34
17594,86,5,108.0,4
17595,13,15,76.57000000000002,14
17596,24,47,613.3599999999999,40
17597,214,12,576.1200000000001,12
17600,18,5,70.14,5
17602,3,94,840.2799999999999,84
17603,79,3,37.379999999999995,3
17604,218,16,77.67,16
17608,34,12,32.629999999999995,12
17609,41,48,261.33000000000004,43
17611,8,119,731.3400000000001,110
17612,54,35,671.71,33
17613,23,51,674.07,48
17614,58,22,80.08,22
17615,204,2,36.7,2
17616,174,1,163.2,1
17618,6,18,293.7,18
17619,313,21,56.38,21
17620,60,2,40.8,2
17621,22,5,421.2,5
17623,33,8,152.61,8
17624,15,5,82.0,5
17625,19,76,479.38,70
17629,6,25,419.2300000000001,24
17630,170,3,61.599999999999994,3
17631,2,9,121.25,9
17633,32,14,215.56,14
17634,37,56,434.78,48
17636,20,6,71.38,6
17637,32,6,108.19,6
17639,277,1,22.5,1
17640,87,1,236.88,1
17642,120,6,101.68,6
17644,2,38,828.5399999999998,29
17646,220,8,141.9,8
17648,61,18,347.45,17
17649,139,11,174.19000000000003,11
17650,22,2,50.1,2
17651,12,48,773.0199999999998,43
17652,26,47,928.8700000000001,40
17653,37,14,371.26,14
17655,11,10,187.39000000000004,10
17656,74,19,408.62,17
17658,26,7,232.04000000000002,7
17659,18,32,583.0799999999999,32
17660,142,8,71.67,8
17663,26,24,546.99,19
17664,19,6,91.58,6
17666,66,1,25.5,1
17667,67,25,446.77000000000004,24
17668,2,2,83.1,2
17669,86,13,554.3,12
17670,228,3,50.4,3
17671,16,5,269.4,5
17672,51,26,830.74,25
17673,2,48,288.28999999999996,42
17674,75,4,76.92000000000002,4
17675,2,127,3615.15,90
17676,59,6,101.72,6
17677,2,61,2805.13,49
17678,264,2,42.660000000000004,2
17679,53,7,512.75,7
17680,24,4,63.80000000000001,4
17682,11,19,351.09000000000003,15
17684,44,4,78.1,4
17685,17,29,537.3,26
17686,8,71,1434.9599999999998,65
17690,31,54,913.8300000000002,50
17691,359,1,15.9,1
17692,128,8,135.07,7
17693,138,2,32.4,2
17694,142,4,78.46,4
17695,132,6,93.39999999999999,6
17696,39,29,603.82,26
17697,237,3,42.9,3
17700,17,21,339.03999999999996,19
17701,253,5,98.0,5
17702,31,15,210.44000000000003,14
17703,36,6,108.84,6
17704,169,8,267.26,8
17705,4,18,313.00000000000006,17
17706,5,76,2040.7100000000003,70
17707,337,1,15.0,1
17708,188,11,64.30000000000001,10
17709,170,3,39.5,3
17711,290,1,20.28,1
17712,45,9,155.04000000000002,9
17714,321,1,15.0,1
17716,30,52,1178.7099999999998,50
17718,233,3,63.45,3
17719,38,46,937.8999999999999,37
17720,114,10,341.71,9
17722,97,17,526.0699999999999,17
17723,192,2,474.4000000000001,2
17724,72,8,217.7,8
17725,17,41,672.9999999999999,37
17727,16,17,290.58,17
17728,4,35,641.8800000000001,35
17730,4,43,870.9199999999998,38
17731,129,9,138.64000000000001,9
17733,39,7,79.78999999999999,7
17734,137,5,101.1,5
17735,3,130,2306.830000000001,103
17736,114,4,52.48,4
17738,20,17,377.95,16
17739,12,9,547.4799999999999,7
17742,333,4,76.47,4
17744,4,17,286.59999999999997,17
17746,241,1,31.6,1
17749,179,5,105.34,5
17750,6,36,385.77,30
17754,1,19,190.67,19
17757,2,125,1215.3900000000006,91
17758,20,77,639.8300000000002,75
17759,18,14,69.98,14
17761,33,4,104.07,4
17764,51,14,184.22999999999996,13
17765,211,9,54.17,9
17767,16,5,37.1,5
17768,9,20,341.46999999999997,17
17769,13,62,739.3199999999999,57
17770,276,5,235.3,5
17771,57,15,80.34,15
17772,11,16,40.0,15
17774,97,24,177.1,22
17777,25,38,139.48000000000002,36
17779,22,11,69.72,11
17781,160,1,7.95,1
17783,73,6,31.92,6
17785,54,3,37.35,3
17786,86,18,78.45,17
17787,153,14,175.90000000000003,12
17788,74,2,829.45,2
17789,282,2,18.9,2
17790,27,38,405.7699999999998,34
17793,26,13,51.28999999999999,13
17795,180,11,45.569999999999986,11
17796,41,10,94.75000000000001,10
17797,23,21,134.84,21
17799,23,77,520.9299999999998,70
17800,38,17,215.65,14
17802,83,24,195.67999999999998,23
17805,74,3,216.66,3
17806,12,10,156.70999999999998,10
17809,17,8,673.7400000000001,8
17811,5,173,1638.2500000000002,134
17812,13,15,67.55000000000001,15
17813,15,81,363.75999999999993,77
17816,37,3,8.14,3
17817,5,6,33.43,6
17819,72,7,516.35,7
17824,52,2,40.08,2
17827,6,48,482.93,45
17830,2,8,151.3,8
17832,50,13,28.78,13
17835,3,9,36.68000000000001,9
17836,48,3,23.15,3
17837,43,35,327.71999999999997,32
17838,27,21,410.8500000000001,21
17839,43,18,77.14,18
17841,2,1497,7535.58999999997,686
17843,304,6,21.58,6
17848,82,12,366.93999999999994,11
17849,219,5,63.55,5
17852,12,9,42.4,9
17854,186,4,37.75,4
17856,2,2,105.0,2
17857,18,11,4185.5,8
17858,6,36,1038.3999999999999,32
17859,305,5,7.52,5
17861,4,52,457.2199999999999,49
17862,324,1,90.0,1
17863,60,18,322.76,18
17864,13,21,123.59,20
17865,31,66,1837.8400000000004,52
17867,31,19,108.77000000000001,17
17869,108,8,114.4,7
17870,3,45,255.94000000000005,45
17871,205,5,54.480000000000004,5
17873,81,11,436.27000000000004,9
17874,226,6,38.949999999999996,6
17877,171,1,20.4,1
17878,44,5,54.959999999999994,5
17879,174,2,5.8100000000000005,2
17880,365,7,138.9,7
17881,305,1,4.95,1
17883,4,26,146.91999999999996,26
17884,4,17,123.5,17
17885,13,12,33.33,11
17886,32,15,70.97,15
17887,130,3,9.2,3
17888,39,16,225.61,15
17889,213,3,32.65,3
17890,323,24,143.3,24
17891,163,7,34.85,7
17892,58,6,32.2,6
17893,226,2,15.54,2
17894,72,41,178.41,37
17895,45,3,26.88,3
17897,173,13,40.34,13
17898,86,7,27.64,7
17899,160,10,47.6,10
17900,191,1,15.0,1
17901,30,2,6.44,2
17904,22,9,51.300000000000004,9
17905,157,3,103.44,3
17906,248,2,9.45,2
17911,10,7,38.16,7
17912,311,7,50.9,7
17913,59,12,59.25,11
17914,4,14,60.09000000000001,14
17917,46,24,99.8,23
17919,89,6,288.24,6
17920,5,134,906.7299999999998,116
17921,65,21,116.05,21
17924,12,5,413.40000000000003,5
17926,134,5,58.39,4
17928,46,6,70.53,6
17929,113,1,272.0,1
17930,36,8,377.63999999999993,6
17931,135,11,48.45,11
17932,30,17,234.85000000000002,16
17934,59,6,233.91,6
17935,142,2,5.5,2
17936,6,20,104.09000000000003,20
17937,9,11,915.0600000000001,8
17939,160,4,38.44,4
17940,165,3,483.34000000000003,3
17946,234,5,21.549999999999997,4
17947,38,2,45.04,2
17949,57,12,6901.580000000001,10
17950,73,7,34.15,7
17951,40,4,241.08000000000004,4
17954,6,103,489.92999999999995,91
17955,199,3,212.95,3
17957,67,7,22.62,7
17958,117,2,397.79999999999995,2
17960,172,3,4.1899999999999995,3
17961,22,51,254.57000000000002,51
17962,143,9,24.96,9
17964,32,15,57.28,14
17965,38,72,695.1800000000003,67
17966,152,11,105.98,11
17969,167,6,36.5,6
17970,212,4,47.1,4
17972,242,6,28.639999999999997,6
17973,52,2,39.660000000000004,2
17974,25,32,176.74,32
17975,16,66,1154.62,61
17977,30,3,99.25,3
17979,36,27,115.35000000000001,26
17980,205,10,94.70000000000002,10
17984,146,11,31.15,11
17985,23,4,92.85,4
17987,186,4,41.85,4
17988,12,5,10.509999999999998,5
17990,237,10,213.65,10
17994,122,21,223.76999999999998,18
17997,75,34,486.2399999999999,33
17999,38,11,49.26000000000001,11
18001,13,19,163.65,19
18004,363,6,15.95,4
18005,4,14,44.10000000000001,13
18006,24,6,91.45,6
18008,71,5,66.77000000000001,5
18009,236,6,54.85,6
18010,257,1,2.5,1
18013,156,12,80.33,12
18014,29,7,27.65,6
18015,5,12,30.559999999999995,12
18016,33,24,282.41999999999996,24
18017,170,1,179.0,1
18018,109,3,6.799999999999999,3
18022,36,32,86.43999999999998,31
18024,153,8,179.79,8
18027,99,5,46.3,5
18030,5,2,85.05,2
18032,335,2,32.4,2
18033,66,4,10.99,4
18034,22,17,56.08,17
18035,36,8,75.64,8
18036,33,15,79.82,14
18037,155,6,13.25,6
18040,246,3,70.80000000000001,3
18041,12,90,1043.13,72
18042,54,1,14.850000000000001,1
18043,25,10,37.87,10
18044,5,22,423.41,19
18045,46,4,17.94,4
18048,204,2,17.32,2
18050,360,1,15.0,1
18053,71,5,86.89999999999999,5
18055,8,77,1503.0300000000004,70
18056,289,5,116.65,5
18058,10,1,81.6,1
18059,45,3,41.120000000000005,3
18061,66,9,262.25,8
18062,174,2,47.099999999999994,2
18065,6,32,568.9100000000002,29
18066,76,2,65.7,2
18067,41,4,70.45,4
18069,27,99,491.66,94
18071,258,2,29.3,2
18072,186,2,12.84,2
18073,115,15,434.34000000000003,13
18075,24,31,540.85,27
18077,9,37,452.9599999999999,30
18078,218,6,94.0,6
18079,46,28,748.24,28
18081,113,2,47.400000000000006,2
18082,26,9,87.78999999999999,9
18085,331,5,63.199999999999996,5
18086,275,2,35.099999999999994,2
18088,62,10,43.42000000000001,9
18092,3,22,3084.7200000000003,17
18093,94,10,604.0400000000001,10
18094,82,13,433.86,13
18095,313,9,314.45,9
18096,12,53,291.46999999999997,44
18097,8,21,515.58,18
18099,128,6,53.91999999999999,6
18101,12,13,77.75,13
18102,2,76,48060.34999999999,59
18104,38,4,83.75999999999999,4
18105,38,6,13.849999999999998,6
18106,330,8,152.79999999999998,8
18108,255,4,58.599999999999994,4
18109,2,84,1735.5400000000002,46
18110,20,8,51.199999999999996,8
18112,13,4,72.5,4
18114,291,6,50.599999999999994,6
18116,68,84,298.12999999999994,74
18117,26,10,60.81,10
18118,11,238,1131.8199999999997,163
18120,215,3,22.75,3
18121,155,10,222.47000000000003,10
18122,9,79,372.11,65
18123,25,9,120.65999999999998,9
18125,30,43,249.28000000000003,41
18126,61,13,76.22000000000001,13
18127,20,9,52.55,9
18129,244,1,12.75,1
18130,16,16,229.89000000000001,15
18135,30,6,355.98999999999995,6
18136,64,7,162.44,7
18138,296,1,9.9,1
18139,18,42,1635.7200000000003,27
18142,158,5,292.92,5
18143,117,17,289.39000000000004,16
18144,31,11,701.1999999999999,10
18145,13,41,491.5499999999999,38
18146,221,1,17.700000000000003,1
18147,46,1,39.599999999999994,1
18149,216,1,19.0,1
18150,33,9,154.5,8
18151,135,9,185.95000000000002,9
18154,4,4,88.8,4
18155,76,7,109.4,5
18156,13,21,120.91,20
18158,10,11,146.1,11
18159,302,2,33.300000000000004,2
18160,58,14,239.74999999999994,13
18161,16,14,271.26000000000005,14
18164,38,1,10.5,1
18165,178,3,113.04,3
18167,36,3,115.5,3
18168,177,17,150.61,17
18169,61,2,75.9,2
18170,34,7,184.15,6
18171,59,12,319.84999999999997,12
18172,36,38,2034.4999999999993,29
18173,87,5,315.42,5
18176,359,1,17.4,1
18177,32,13,254.54999999999998,13
18178,129,21,332.62999999999994,21
18179,10,23,359.09,23
18180,5,24,353.44,23
18181,25,15,125.60000000000002,15
18183,228,7,102.6,7
18185,250,1,17.700000000000003,1
18188,16,18,555.36,18
18189,78,11,172.15000000000003,11
18190,331,2,37.6,2
18192,72,7,131.0,7
18193,166,2,32.46,2
18194,83,5,653.8399999999999,5
18196,96,24,123.19999999999999,23
18198,5,36,1160.77,29
18200,107,8,21.88,8
18202,200,14,308.96000000000004,14
18203,158,6,34.0,6
18204,72,50,496.75999999999993,46
18205,37,5,66.45,5
18210,2,23,408.8299999999999,23
18211,44,10,150.55,9
18212,327,17,95.14999999999999,14
18213,237,2,27.9,2
18216,32,5,111.1,5
18217,30,5,94.7,5
18218,282,6,108.96,6
18219,3,21,330.99,19
18220,227,1,152.64000000000001,1
18221,23,10,145.07999999999998,10
18223,5,41,956.5400000000002,33
18225,4,56,1175.0199999999998,47
18226,45,45,1112.96,34
18228,80,6,105.49000000000001,6
18229,12,30,1626.5399999999997,27
18230,10,14,490.43999999999994,11
18231,193,22,444.70000000000005,20
18232,82,7,111.19999999999999,7
18235,72,25,392.56999999999994,25
18236,30,9,140.29999999999998,9
18237,3,12,215.04,12
18239,219,12,232.24999999999994,12
18240,47,1,297.0,1
18241,10,19,344.9899999999999,16
18242,73,16,682.5700000000002,16
18245,8,40,673.61,39
18248,123,12,216.90999999999997,12
18249,18,2,29.22,2
18250,311,8,130.62,8
18251,88,3,444.96000000000004,3
18252,51,22,119.06,21
18257,40,22,394.3900000000001,21
18259,25,4,246.20000000000002,4
18260,173,30,571.89,27
18261,44,6,99.5,6
18262,141,1,2.88,1
18263,26,10,206.12,10
18265,73,9,157.88,8
18270,39,3,50.3,3
18272,3,38,642.44,32
18274,31,2,30.15,2
18276,44,4,67.68,4
18277,59,4,48.779999999999994,4
18280,278,2,38.7,2
18281,181,2,31.799999999999997,2
18282,8,2,30.700000000000003,2
18283,4,152,432.9299999999998,102
18287,43,15,395.76,15
